{
  "config": {
    "run_name": "exp1_3",
    "out_dir": "./results",
    "seed": 1773530257,
    "device": null,
    "bs_train": 128,
    "bs_test": 32,
    "batches": null,
    "epochs": 100,
    "early_stopping": 3,
    "checkpoints": null,
    "lr": 0.001,
    "reg": 0.001,
    "filters_per_layer": [
      64,
      128,
      256
    ],
    "layers_per_block": 3,
    "pool_every": 4,
    "hidden_dims": [
      1024
    ],
    "model_type": "cnn",
    "kw": {}
  },
  "results": {
    "num_epochs": 4,
    "train_loss": [
      2.302917242050171,
      2.302856683731079,
      2.302852153778076,
      2.302851915359497
    ],
    "train_acc": [
      9.634,
      9.626,
      9.614,
      9.628
    ],
    "test_loss": [
      2.302668571472168,
      2.3026609420776367,
      2.3026599884033203,
      2.3026599884033203
    ],
    "test_acc": [
      10.0,
      10.0,
      10.0,
      10.0
    ]
  }
}