{
  "config": {
    "run_name": "exp1_4",
    "out_dir": "./results",
    "seed": 1726904268,
    "device": null,
    "bs_train": 128,
    "bs_test": 32,
    "batches": null,
    "epochs": 100,
    "early_stopping": 3,
    "checkpoints": null,
    "lr": 0.001,
    "reg": 0.001,
    "filters_per_layer": [
      32
    ],
    "layers_per_block": 16,
    "pool_every": 8,
    "hidden_dims": [
      1024
    ],
    "model_type": "resnet",
    "kw": {}
  },
  "results": {
    "num_epochs": 14,
    "train_loss": [
      1.832194209098816,
      1.4353400468826294,
      1.265122652053833,
      1.1024953126907349,
      0.9551848769187927,
      0.8209570646286011,
      0.6930174231529236,
      0.5666733384132385,
      0.4480147361755371,
      0.32940083742141724,
      0.24194291234016418,
      0.17412471771240234,
      0.12456812709569931,
      0.09683990478515625
    ],
    "train_acc": [
      33.808,
      48.95,
      55.05,
      61.014,
      66.374,
      71.338,
      75.938,
      80.32,
      84.92,
      88.966,
      91.892,
      94.128,
      95.95,
      96.784
    ],
    "test_loss": [
      1.4881502389907837,
      1.3300247192382812,
      1.1813077926635742,
      1.154937982559204,
      1.0308738946914673,
      0.9237861037254333,
      0.891526460647583,
      0.9460926055908203,
      0.9867720603942871,
      1.3505839109420776,
      1.0984519720077515,
      1.276122808456421,
      1.3595607280731201,
      1.452595591545105
    ],
    "test_acc": [
      46.74,
      52.5,
      57.64,
      59.59,
      63.58,
      67.84,
      69.61,
      69.06,
      69.76,
      63.66,
      71.42,
      70.64,
      70.85,
      70.52
    ]
  }
}