{
  "config": {
    "run_name": "exp1_1",
    "out_dir": "./results",
    "seed": 869319031,
    "device": null,
    "bs_train": 128,
    "bs_test": 32,
    "batches": null,
    "epochs": 100,
    "early_stopping": 5,
    "checkpoints": null,
    "lr": 0.001,
    "reg": 0.001,
    "filters_per_layer": [
      64
    ],
    "layers_per_block": 2,
    "pool_every": 1,
    "hidden_dims": [
      1024
    ],
    "model_type": "cnn",
    "kw": {}
  },
  "results": {
    "num_epochs": 17,
    "train_loss": [
      1.7261600494384766,
      1.2101647853851318,
      0.9492492079734802,
      0.7491366863250732,
      0.5549424290657043,
      0.37557148933410645,
      0.22347091138362885,
      0.14189022779464722,
      0.0875106006860733,
      0.06200087442994118,
      0.05053674429655075,
      0.041924625635147095,
      0.03405704349279404,
      0.026819931343197823,
      0.021820712834596634,
      0.0230108629912138,
      0.015261650085449219
    ],
    "train_acc": [
      37.638,
      57.012,
      66.958,
      74.15,
      80.762,
      87.094,
      92.508,
      95.426,
      97.158,
      98.044,
      98.356,
      98.656,
      98.912,
      99.15,
      99.272,
      99.252,
      99.52
    ],
    "test_loss": [
      1.3656580448150635,
      1.1620157957077026,
      0.9591947793960571,
      0.9384843707084656,
      0.9994003772735596,
      1.0907152891159058,
      1.2437320947647095,
      1.4149000644683838,
      1.6511961221694946,
      1.8292908668518066,
      1.7783703804016113,
      1.938687801361084,
      2.2509639263153076,
      2.1961710453033447,
      2.138418436050415,
      2.212305784225464,
      2.4298207759857178
    ],
    "test_acc": [
      50.52,
      59.2,
      66.94,
      69.48,
      69.56,
      70.88,
      71.72,
      71.25,
      69.97,
      70.98,
      72.32,
      72.33,
      70.91,
      71.07,
      71.81,
      71.2,
      72.08
    ]
  }
}