{
  "config": {
    "run_name": "exp1_2",
    "out_dir": "./results",
    "seed": 1809927726,
    "device": null,
    "bs_train": 128,
    "bs_test": 32,
    "batches": null,
    "epochs": 100,
    "early_stopping": 3,
    "checkpoints": null,
    "lr": 0.001,
    "reg": 0.001,
    "filters_per_layer": [
      64
    ],
    "layers_per_block": 8,
    "pool_every": 4,
    "hidden_dims": [
      1024
    ],
    "model_type": "cnn",
    "kw": {}
  },
  "results": {
    "num_epochs": 11,
    "train_loss": [
      2.3027496337890625,
      2.2125630378723145,
      1.677772879600525,
      1.3367873430252075,
      1.0972894430160522,
      0.8900572657585144,
      0.6793442964553833,
      0.4679003953933716,
      0.2894313335418701,
      0.19312824308872223,
      0.1383378952741623
    ],
    "train_acc": [
      9.932,
      16.06,
      39.298,
      52.244,
      61.354,
      68.878,
      76.452,
      84.036,
      90.168,
      93.364,
      95.418
    ],
    "test_loss": [
      2.3027477264404297,
      2.0810627937316895,
      1.4676357507705688,
      1.2413159608840942,
      1.1512032747268677,
      1.2446402311325073,
      1.2690627574920654,
      1.3462575674057007,
      1.5952599048614502,
      1.96775221824646,
      1.9670511484146118
    ],
    "test_acc": [
      10.0,
      25.09,
      47.98,
      55.58,
      59.9,
      61.79,
      64.32,
      66.77,
      65.93,
      64.89,
      64.82
    ]
  }
}