{
  "config": {
    "run_name": "exp1_4",
    "out_dir": "./results",
    "seed": 1353716629,
    "device": null,
    "bs_train": 128,
    "bs_test": 32,
    "batches": null,
    "epochs": 100,
    "early_stopping": 3,
    "checkpoints": null,
    "lr": 0.001,
    "reg": 0.001,
    "filters_per_layer": [
      64,
      128,
      256
    ],
    "layers_per_block": 8,
    "pool_every": 15,
    "hidden_dims": [
      1024
    ],
    "model_type": "resnet",
    "kw": {}
  },
  "results": {
    "num_epochs": 9,
    "train_loss": [
      1.8005281686782837,
      1.3896664381027222,
      1.2035952806472778,
      1.0542138814926147,
      0.9103444814682007,
      0.7605431079864502,
      0.6131190657615662,
      0.4744517207145691,
      0.35973843932151794
    ],
    "train_acc": [
      35.564,
      50.744,
      57.372,
      62.86,
      68.054,
      73.89,
      79.322,
      84.266,
      88.142
    ],
    "test_loss": [
      1.4674830436706543,
      1.3025349378585815,
      1.2281309366226196,
      1.2370163202285767,
      1.2932860851287842,
      1.3462692499160767,
      1.5338644981384277,
      1.7336429357528687,
      1.808455467224121
    ],
    "test_acc": [
      48.14,
      53.74,
      56.19,
      56.96,
      58.09,
      58.29,
      57.6,
      56.22,
      56.97
    ]
  }
}