{
  "config": {
    "run_name": "exp1_1",
    "out_dir": "./results",
    "seed": 1097011832,
    "device": null,
    "bs_train": 128,
    "bs_test": 32,
    "batches": null,
    "epochs": 100,
    "early_stopping": 5,
    "checkpoints": null,
    "lr": 0.001,
    "reg": 0.001,
    "filters_per_layer": [
      32
    ],
    "layers_per_block": 16,
    "pool_every": 8,
    "hidden_dims": [
      1024
    ],
    "model_type": "cnn",
    "kw": {}
  },
  "results": {
    "num_epochs": 6,
    "train_loss": [
      2.3030459880828857,
      2.3028788566589355,
      2.302854299545288,
      2.302852153778076,
      2.302852153778076,
      2.302851915359497
    ],
    "train_acc": [
      9.618,
      9.632,
      9.672,
      9.634,
      9.628,
      9.628
    ],
    "test_loss": [
      2.3027191162109375,
      2.302664279937744,
      2.3026602268218994,
      2.3026599884033203,
      2.3026599884033203,
      2.3026599884033203
    ],
    "test_acc": [
      10.0,
      10.0,
      10.0,
      10.0,
      10.0,
      10.0
    ]
  }
}