{
  "config": {
    "run_name": "exp1_2",
    "out_dir": "./results",
    "seed": 1791854962,
    "device": null,
    "bs_train": 128,
    "bs_test": 32,
    "batches": null,
    "epochs": 100,
    "early_stopping": 3,
    "checkpoints": null,
    "lr": 0.001,
    "reg": 0.001,
    "filters_per_layer": [
      32
    ],
    "layers_per_block": 4,
    "pool_every": 2,
    "hidden_dims": [
      1024
    ],
    "model_type": "cnn",
    "kw": {}
  },
  "results": {
    "num_epochs": 10,
    "train_loss": [
      1.9244003295898438,
      1.3957258462905884,
      1.0846185684204102,
      0.8565000295639038,
      0.6482738256454468,
      0.4548466205596924,
      0.2842486798763275,
      0.1743491142988205,
      0.1246752217411995,
      0.09468688070774078
    ],
    "train_acc": [
      29.8,
      49.946,
      61.712,
      69.89,
      77.528,
      84.218,
      90.308,
      94.084,
      95.832,
      96.88
    ],
    "test_loss": [
      1.5605287551879883,
      1.3195949792861938,
      1.1387304067611694,
      1.0084028244018555,
      1.063923716545105,
      1.0903385877609253,
      1.3913075923919678,
      1.7351951599121094,
      1.8649418354034424,
      2.153923273086548
    ],
    "test_acc": [
      42.81,
      52.75,
      61.06,
      66.69,
      68.4,
      69.3,
      69.8,
      69.07,
      69.18,
      68.27
    ]
  }
}