{
  "config": {
    "run_name": "exp1_4",
    "out_dir": "./results",
    "seed": 958299549,
    "device": null,
    "bs_train": 128,
    "bs_test": 32,
    "batches": null,
    "epochs": 100,
    "early_stopping": 3,
    "checkpoints": null,
    "lr": 0.001,
    "reg": 0.001,
    "filters_per_layer": [
      32
    ],
    "layers_per_block": 8,
    "pool_every": 4,
    "hidden_dims": [
      1024
    ],
    "model_type": "resnet",
    "kw": {}
  },
  "results": {
    "num_epochs": 10,
    "train_loss": [
      1.8313188552856445,
      1.3770538568496704,
      1.101711392402649,
      0.8695917725563049,
      0.6810583472251892,
      0.5053126215934753,
      0.35349440574645996,
      0.2383091002702713,
      0.1584731489419937,
      0.11672649532556534
    ],
    "train_acc": [
      33.864,
      50.51,
      60.65,
      69.53,
      76.24,
      82.844,
      87.992,
      92.106,
      94.678,
      96.134
    ],
    "test_loss": [
      1.4936450719833374,
      1.2964462041854858,
      1.0635660886764526,
      0.9374886155128479,
      0.9196019768714905,
      1.0396373271942139,
      1.156090497970581,
      1.2941854000091553,
      1.414242148399353,
      1.526145339012146
    ],
    "test_acc": [
      46.75,
      54.08,
      62.65,
      68.33,
      70.82,
      70.86,
      72.07,
      71.82,
      71.16,
      71.53
    ]
  }
}