{
  "config": {
    "run_name": "exp1_1",
    "out_dir": "./results",
    "seed": 358157925,
    "device": null,
    "bs_train": 128,
    "bs_test": 32,
    "batches": null,
    "epochs": 100,
    "early_stopping": 5,
    "checkpoints": null,
    "lr": 0.001,
    "reg": 0.001,
    "filters_per_layer": [
      32
    ],
    "layers_per_block": 8,
    "pool_every": 4,
    "hidden_dims": [
      1024
    ],
    "model_type": "cnn",
    "kw": {}
  },
  "results": {
    "num_epochs": 22,
    "train_loss": [
      2.303025007247925,
      2.1034772396087646,
      1.6926047801971436,
      1.405829668045044,
      1.1751222610473633,
      0.9716185927391052,
      0.7716392278671265,
      0.5755667686462402,
      0.39335647225379944,
      0.2733738124370575,
      0.19619594514369965,
      0.15501828491687775,
      0.11591436713933945,
      0.10364199429750443,
      0.09377513080835342,
      0.0797610729932785,
      0.07467834651470184,
      0.06443973630666733,
      0.0643267035484314,
      0.056892842054367065,
      0.05141964554786682,
      0.050202108919620514
    ],
    "train_acc": [
      9.64,
      22.71,
      38.482,
      49.402,
      58.418,
      66.11,
      73.28,
      80.174,
      86.418,
      90.664,
      93.438,
      94.736,
      96.148,
      96.55,
      97.046,
      97.458,
      97.538,
      97.916,
      98.008,
      98.206,
      98.408,
      98.452
    ],
    "test_loss": [
      2.3015308380126953,
      1.7912088632583618,
      1.5327928066253662,
      1.29200279712677,
      1.1726720333099365,
      1.074297547340393,
      1.1757408380508423,
      1.4411238431930542,
      1.5314348936080933,
      1.8448001146316528,
      2.4788589477539062,
      2.2673985958099365,
      2.317150115966797,
      2.450059413909912,
      2.5194449424743652,
      2.437713384628296,
      2.6686344146728516,
      2.9619953632354736,
      3.1401925086975098,
      3.2237532138824463,
      3.1603987216949463,
      2.7605929374694824
    ],
    "test_acc": [
      10.08,
      33.62,
      44.14,
      53.67,
      58.64,
      62.96,
      63.76,
      63.16,
      64.48,
      63.83,
      60.98,
      63.47,
      63.52,
      64.78,
      63.74,
      64.15,
      65.39,
      64.54,
      64.81,
      62.89,
      64.51,
      65.28
    ]
  }
}