{
  "config": {
    "run_name": "exp1_1",
    "out_dir": "./results",
    "seed": 1426861382,
    "device": null,
    "bs_train": 128,
    "bs_test": 32,
    "batches": null,
    "epochs": 100,
    "early_stopping": 5,
    "checkpoints": null,
    "lr": 0.001,
    "reg": 0.001,
    "filters_per_layer": [
      64
    ],
    "layers_per_block": 4,
    "pool_every": 2,
    "hidden_dims": [
      1024
    ],
    "model_type": "cnn",
    "kw": {}
  },
  "results": {
    "num_epochs": 13,
    "train_loss": [
      1.945353388786316,
      1.3882167339324951,
      1.0585190057754517,
      0.7945931553840637,
      0.5710006952285767,
      0.3682937026023865,
      0.20942769944667816,
      0.13506197929382324,
      0.10131993144750595,
      0.07854452729225159,
      0.05993267148733139,
      0.05682847648859024,
      0.055315013974905014
    ],
    "train_acc": [
      28.926,
      50.082,
      62.774,
      72.274,
      80.328,
      87.472,
      92.864,
      95.58,
      96.698,
      97.466,
      98.064,
      98.22,
      98.326
    ],
    "test_loss": [
      1.5546997785568237,
      1.2337037324905396,
      1.0077593326568604,
      0.9600645899772644,
      0.959883451461792,
      1.1091974973678589,
      1.3373258113861084,
      1.5473294258117676,
      1.8202321529388428,
      1.9405090808868408,
      2.2056262493133545,
      2.0875275135040283,
      2.3689334392547607
    ],
    "test_acc": [
      42.36,
      56.87,
      65.31,
      67.98,
      72.27,
      71.65,
      71.57,
      72.56,
      71.33,
      71.15,
      70.97,
      71.08,
      71.67
    ]
  }
}