{
  "config": {
    "run_name": "exp1_2",
    "out_dir": "./results",
    "seed": 2085445955,
    "device": null,
    "bs_train": 128,
    "bs_test": 32,
    "batches": null,
    "epochs": 100,
    "early_stopping": 3,
    "checkpoints": null,
    "lr": 0.001,
    "reg": 0.001,
    "filters_per_layer": [
      128
    ],
    "layers_per_block": 2,
    "pool_every": 1,
    "hidden_dims": [
      1024
    ],
    "model_type": "cnn",
    "kw": {}
  },
  "results": {
    "num_epochs": 14,
    "train_loss": [
      1.7365636825561523,
      1.1979787349700928,
      0.9377890825271606,
      0.7230098247528076,
      0.525684654712677,
      0.3376331627368927,
      0.2038394659757614,
      0.122694231569767,
      0.07983261346817017,
      0.062248703092336655,
      0.04721251130104065,
      0.03878506273031235,
      0.03169446438550949,
      0.031019071117043495
    ],
    "train_acc": [
      37.024,
      57.456,
      67.246,
      75.07,
      81.8,
      88.346,
      93.202,
      95.942,
      97.344,
      97.984,
      98.522,
      98.756,
      98.926,
      99.004
    ],
    "test_loss": [
      1.51667058467865,
      1.1129943132400513,
      0.9440168142318726,
      0.9945960640907288,
      0.9915465116500854,
      1.1129076480865479,
      1.4340204000473022,
      1.4285473823547363,
      1.6368352174758911,
      1.886259913444519,
      1.7982399463653564,
      1.8790146112442017,
      2.0978877544403076,
      2.030785322189331
    ],
    "test_acc": [
      44.9,
      60.82,
      67.34,
      67.87,
      70.49,
      70.91,
      70.18,
      71.5,
      71.44,
      71.6,
      72.68,
      71.23,
      71.23,
      72.08
    ]
  }
}