{
  "config": {
    "run_name": "exp1_2",
    "out_dir": "./results",
    "seed": 1678640021,
    "device": null,
    "bs_train": 128,
    "bs_test": 32,
    "batches": null,
    "epochs": 100,
    "early_stopping": 3,
    "checkpoints": null,
    "lr": 0.001,
    "reg": 0.001,
    "filters_per_layer": [
      64
    ],
    "layers_per_block": 2,
    "pool_every": 1,
    "hidden_dims": [
      1024
    ],
    "model_type": "cnn",
    "kw": {}
  },
  "results": {
    "num_epochs": 9,
    "train_loss": [
      1.7350326776504517,
      1.200111985206604,
      0.9395220279693604,
      0.7381262183189392,
      0.5465885996818542,
      0.3648647665977478,
      0.2266310602426529,
      0.13399502635002136,
      0.09161689877510071
    ],
    "train_acc": [
      37.36,
      57.424,
      66.79,
      74.194,
      81.24,
      87.592,
      92.45,
      95.58,
      96.992
    ],
    "test_loss": [
      1.3740583658218384,
      1.1367720365524292,
      1.0111573934555054,
      1.0035161972045898,
      0.9916514158248901,
      1.1224212646484375,
      1.3045432567596436,
      1.5161776542663574,
      1.5840376615524292
    ],
    "test_acc": [
      49.77,
      60.14,
      65.41,
      67.67,
      71.02,
      71.24,
      71.1,
      70.41,
      70.86
    ]
  }
}