{
  "config": {
    "run_name": "exp1_4",
    "out_dir": "./results",
    "seed": 1803209036,
    "device": null,
    "bs_train": 128,
    "bs_test": 32,
    "batches": null,
    "epochs": 100,
    "early_stopping": 3,
    "checkpoints": null,
    "lr": 0.001,
    "reg": 0.001,
    "filters_per_layer": [
      32
    ],
    "layers_per_block": 32,
    "pool_every": 16,
    "hidden_dims": [
      1024
    ],
    "model_type": "resnet",
    "kw": {}
  },
  "results": {
    "num_epochs": 14,
    "train_loss": [
      1.773418664932251,
      1.4230912923812866,
      1.2992559671401978,
      1.2170474529266357,
      1.1501615047454834,
      1.0910199880599976,
      1.034976601600647,
      0.9817718863487244,
      0.9273855090141296,
      0.8732647895812988,
      0.8186347484588623,
      0.764960765838623,
      0.7138094902038574,
      0.6597913503646851
    ],
    "train_acc": [
      36.044,
      49.326,
      53.894,
      56.98,
      59.5,
      61.66,
      63.694,
      65.61,
      67.702,
      69.768,
      71.866,
      73.86,
      75.874,
      77.748
    ],
    "test_loss": [
      1.481845498085022,
      1.3453526496887207,
      1.2779935598373413,
      1.2387703657150269,
      1.2154008150100708,
      1.2027629613876343,
      1.1925941705703735,
      1.1971781253814697,
      1.1745829582214355,
      1.1876393556594849,
      1.1821184158325195,
      1.2166739702224731,
      1.240006923675537,
      1.2606533765792847
    ],
    "test_acc": [
      47.59,
      52.35,
      54.63,
      56.12,
      56.96,
      57.4,
      57.67,
      57.75,
      58.93,
      59.26,
      60.26,
      59.7,
      59.94,
      60.19
    ]
  }
}