{
  "config": {
    "run_name": "exp1_1",
    "out_dir": "./results",
    "seed": 427121602,
    "device": null,
    "bs_train": 128,
    "bs_test": 32,
    "batches": null,
    "epochs": 100,
    "early_stopping": 5,
    "checkpoints": null,
    "lr": 0.001,
    "reg": 0.001,
    "filters_per_layer": [
      64
    ],
    "layers_per_block": 8,
    "pool_every": 4,
    "hidden_dims": [
      1024
    ],
    "model_type": "cnn",
    "kw": {}
  },
  "results": {
    "num_epochs": 13,
    "train_loss": [
      2.304731607437134,
      2.1197004318237305,
      1.6022601127624512,
      1.2888957262039185,
      1.046198844909668,
      0.8413320183753967,
      0.6365633606910706,
      0.42709437012672424,
      0.2680104374885559,
      0.17692914605140686,
      0.13683611154556274,
      0.11070037633180618,
      0.08807624876499176
    ],
    "train_acc": [
      9.992,
      20.814,
      42.254,
      54.324,
      63.188,
      70.532,
      77.984,
      85.272,
      90.972,
      94.194,
      95.424,
      96.394,
      97.13
    ],
    "test_loss": [
      2.3037383556365967,
      1.8354703187942505,
      1.3871313333511353,
      1.301544427871704,
      1.2132269144058228,
      1.135158658027649,
      1.1794843673706055,
      1.3282694816589355,
      1.6034103631973267,
      1.721548080444336,
      1.849934458732605,
      2.149446725845337,
      2.2506461143493652
    ],
    "test_acc": [
      10.0,
      33.83,
      50.49,
      54.29,
      60.15,
      63.48,
      66.41,
      66.91,
      66.49,
      66.09,
      65.32,
      66.58,
      66.63
    ]
  }
}