{
  "config": {
    "run_name": "exp1_4",
    "out_dir": "./results",
    "seed": 327615152,
    "device": null,
    "bs_train": 128,
    "bs_test": 32,
    "batches": 500,
    "epochs": 100,
    "early_stopping": 3,
    "checkpoints": null,
    "lr": 0.001,
    "reg": 0.001,
    "filters_per_layer": [
      32
    ],
    "layers_per_block": 8,
    "pool_every": 5,
    "hidden_dims": [
      100
    ],
    "model_type": "resnet",
    "kw": {}
  },
  "results": {
    "num_epochs": 10,
    "train_loss": [
      1.8301591873168945,
      1.428571343421936,
      1.2382464408874512,
      1.0493966341018677,
      0.9020649790763855,
      0.7780470848083496,
      0.6726601719856262,
      0.5692823529243469,
      0.4811876714229584,
      0.3925398886203766
    ],
    "train_acc": [
      33.972,
      48.538,
      56.006,
      62.792,
      68.066,
      72.402,
      76.412,
      79.946,
      83.274,
      86.264
    ],
    "test_loss": [
      1.5225414037704468,
      1.3243231773376465,
      1.2049955129623413,
      1.0636842250823975,
      1.0044249296188354,
      1.048384189605713,
      1.0098477602005005,
      1.0887244939804077,
      1.2099599838256836,
      1.3770723342895508
    ],
    "test_acc": [
      44.0,
      52.78,
      56.77,
      62.26,
      65.39,
      65.61,
      67.51,
      67.08,
      66.26,
      65.96
    ]
  }
}