{
  "config": {
    "run_name": "exp1_2",
    "out_dir": "./results",
    "seed": 263109247,
    "device": null,
    "bs_train": 128,
    "bs_test": 32,
    "batches": 500,
    "epochs": 100,
    "early_stopping": 3,
    "checkpoints": null,
    "lr": 0.001,
    "reg": 0.001,
    "filters_per_layer": [
      64
    ],
    "layers_per_block": 2,
    "pool_every": 2,
    "hidden_dims": [
      100
    ],
    "model_type": "cnn",
    "kw": {}
  },
  "results": {
    "num_epochs": 42,
    "train_loss": [
      1.7252659797668457,
      1.232657790184021,
      1.0127358436584473,
      0.8635779023170471,
      0.7390927076339722,
      0.6230118870735168,
      0.5018658638000488,
      0.39421728253364563,
      0.29460543394088745,
      0.20854313671588898,
      0.14546945691108704,
      0.11152844876050949,
      0.08722913265228271,
      0.06773440539836884,
      0.058047473430633545,
      0.05500432476401329,
      0.04613533243536949,
      0.03887445479631424,
      0.03872671350836754,
      0.0308885108679533,
      0.03068453259766102,
      0.029805051162838936,
      0.025325864553451538,
      0.0240643173456192,
      0.021870462223887444,
      0.026552917435765266,
      0.02330128476023674,
      0.021718397736549377,
      0.02252761647105217,
      0.021621553227305412,
      0.022250225767493248,
      0.01997825689613819,
      0.017418714240193367,
      0.01402226835489273,
      0.017184702679514885,
      0.022509414702653885,
      0.018648037686944008,
      0.01565866731107235,
      0.016899259760975838,
      0.01609530672430992,
      0.01625126414000988,
      0.017565418034791946
    ],
    "train_acc": [
      37.97,
      56.196,
      64.246,
      69.644,
      74.07,
      78.312,
      82.594,
      86.572,
      89.944,
      92.892,
      95.068,
      96.21,
      97.01,
      97.668,
      98.148,
      98.202,
      98.464,
      98.712,
      98.776,
      98.964,
      99.018,
      99.044,
      99.176,
      99.288,
      99.302,
      99.214,
      99.276,
      99.298,
      99.34,
      99.318,
      99.324,
      99.388,
      99.448,
      99.57,
      99.478,
      99.386,
      99.46,
      99.518,
      99.476,
      99.528,
      99.506,
      99.492
    ],
    "test_loss": [
      1.371672511100769,
      1.1773024797439575,
      1.0888789892196655,
      1.052243709564209,
      1.0546835660934448,
      1.1102783679962158,
      1.2668002843856812,
      1.4799162149429321,
      1.6455860137939453,
      1.8756738901138306,
      2.0586490631103516,
      2.2688417434692383,
      2.44389009475708,
      2.592458724975586,
      2.8715784549713135,
      2.7794747352600098,
      2.966400146484375,
      3.1755142211914062,
      3.2474546432495117,
      3.311927080154419,
      3.4797914028167725,
      3.4304358959198,
      3.9461376667022705,
      3.9504377841949463,
      3.8095035552978516,
      3.962937831878662,
      3.8033740520477295,
      4.050781726837158,
      4.44735050201416,
      4.382663249969482,
      4.15234899520874,
      4.490464687347412,
      4.497732162475586,
      4.51159143447876,
      4.65212869644165,
      4.940361976623535,
      4.719688892364502,
      4.817967414855957,
      5.048134803771973,
      5.330196380615234,
      5.420299053192139,
      5.07456111907959
    ],
    "test_acc": [
      50.63,
      57.99,
      61.61,
      64.4,
      65.48,
      66.63,
      65.6,
      65.01,
      65.92,
      64.78,
      64.49,
      65.1,
      65.71,
      65.48,
      65.68,
      65.71,
      65.4,
      65.73,
      66.52,
      65.42,
      65.51,
      66.61,
      64.68,
      66.21,
      65.61,
      66.37,
      66.36,
      66.49,
      65.78,
      65.1,
      66.47,
      65.44,
      66.52,
      66.44,
      65.99,
      66.26,
      66.62,
      66.51,
      66.51,
      66.06,
      65.95,
      65.86
    ]
  }
}