{
  "config": {
    "run_name": "exp1_3",
    "out_dir": "./results",
    "seed": 1283142101,
    "device": null,
    "bs_train": 128,
    "bs_test": 32,
    "batches": 500,
    "epochs": 100,
    "early_stopping": 3,
    "checkpoints": null,
    "lr": 0.001,
    "reg": 0.001,
    "filters_per_layer": [
      64,
      128,
      256
    ],
    "layers_per_block": 1,
    "pool_every": 1,
    "hidden_dims": [
      100
    ],
    "model_type": "cnn",
    "kw": {}
  },
  "results": {
    "num_epochs": 15,
    "train_loss": [
      1.8481143712997437,
      1.3537474870681763,
      1.0831490755081177,
      0.8868348598480225,
      0.7390212416648865,
      0.6036813855171204,
      0.49207764863967896,
      0.38823381066322327,
      0.30159422755241394,
      0.2322283685207367,
      0.18721026182174683,
      0.16013838350772858,
      0.1391621232032776,
      0.12133921682834625,
      0.10868176817893982
    ],
    "train_acc": [
      32.456,
      51.45,
      61.832,
      68.868,
      74.226,
      79.032,
      82.742,
      86.506,
      89.376,
      91.902,
      93.526,
      94.41,
      95.254,
      95.876,
      96.23
    ],
    "test_loss": [
      1.5410465002059937,
      1.2377636432647705,
      1.0578668117523193,
      0.8703725337982178,
      0.8512480854988098,
      0.8895361423492432,
      0.9924339056015015,
      1.0472387075424194,
      1.2286101579666138,
      1.2454981803894043,
      1.4326468706130981,
      1.5723531246185303,
      1.5859453678131104,
      1.6987181901931763,
      1.9537451267242432
    ],
    "test_acc": [
      43.58,
      55.44,
      63.42,
      70.24,
      72.06,
      72.88,
      72.14,
      73.26,
      71.95,
      73.21,
      72.84,
      73.07,
      73.03,
      72.6,
      71.8
    ]
  }
}