{
  "config": {
    "run_name": "exp1_1",
    "out_dir": "./results",
    "seed": 30196067,
    "device": null,
    "bs_train": 128,
    "bs_test": 32,
    "batches": 50,
    "epochs": 100,
    "early_stopping": 3,
    "checkpoints": null,
    "lr": 0.001,
    "reg": 0.001,
    "filters_per_layer": [
      32
    ],
    "layers_per_block": 2,
    "pool_every": 2,
    "hidden_dims": [
      100
    ],
    "model_type": "cnn",
    "kw": {}
  },
  "results": {
    "num_epochs": 78,
    "train_loss": [
      1.7545857429504395,
      1.292020559310913,
      1.0829740762710571,
      0.9328063726425171,
      0.8085274696350098,
      0.6974659562110901,
      0.5835322141647339,
      0.47787588834762573,
      0.37237080931663513,
      0.2892937660217285,
      0.21172219514846802,
      0.15668414533138275,
      0.1166590228676796,
      0.09391239285469055,
      0.07047376036643982,
      0.05847105011343956,
      0.05085254833102226,
      0.040748924016952515,
      0.040312983095645905,
      0.0368875190615654,
      0.03368295729160309,
      0.03161197528243065,
      0.028013549745082855,
      0.025775711983442307,
      0.0227945726364851,
      0.020790444687008858,
      0.0218917578458786,
      0.0228379238396883,
      0.017589962109923363,
      0.01740717887878418,
      0.014663822017610073,
      0.01704542338848114,
      0.018187638372182846,
      0.01497010886669159,
      0.015524234622716904,
      0.013824960216879845,
      0.015643872320652008,
      0.012362279929220676,
      0.009977304376661777,
      0.012771311216056347,
      0.01223317813128233,
      0.011173065751791,
      0.012125077657401562,
      0.01149878278374672,
      0.011368551291525364,
      0.010538924485445023,
      0.010679848492145538,
      0.013763008639216423,
      0.016003035008907318,
      0.01289474405348301,
      0.014090528711676598,
      0.014926432631909847,
      0.014091684482991695,
      0.01424272358417511,
      0.013647348619997501,
      0.012230407446622849,
      0.009188682772219181,
      0.010017573833465576,
      0.011956270784139633,
      0.01120529044419527,
      0.011575154028832912,
      0.011485327035188675,
      0.009959518909454346,
      0.008956977166235447,
      0.007002641912549734,
      0.010533608496189117,
      0.008356859907507896,
      0.011126214638352394,
      0.011250888928771019,
      0.009560683742165565,
      0.007421367336064577,
      0.00769607350230217,
      0.005860468372702599,
      0.009868379682302475,
      0.007700303103774786,
      0.011027739383280277,
      0.009377479553222656,
      0.011331832967698574
    ],
    "train_acc": [
      36.784,
      54.136,
      61.894,
      67.348,
      71.882,
      75.804,
      79.998,
      83.786,
      87.41,
      90.034,
      92.87,
      94.698,
      96.01,
      96.884,
      97.646,
      98.1,
      98.316,
      98.648,
      98.592,
      98.782,
      98.926,
      98.964,
      99.046,
      99.136,
      99.268,
      99.34,
      99.352,
      99.276,
      99.398,
      99.45,
      99.514,
      99.462,
      99.42,
      99.566,
      99.522,
      99.536,
      99.536,
      99.622,
      99.66,
      99.598,
      99.624,
      99.626,
      99.65,
      99.64,
      99.66,
      99.684,
      99.684,
      99.606,
      99.576,
      99.596,
      99.59,
      99.574,
      99.616,
      99.612,
      99.594,
      99.678,
      99.74,
      99.712,
      99.67,
      99.678,
      99.644,
      99.676,
      99.708,
      99.73,
      99.804,
      99.712,
      99.742,
      99.682,
      99.714,
      99.738,
      99.738,
      99.782,
      99.828,
      99.722,
      99.76,
      99.678,
      99.738,
      99.728
    ],
    "test_loss": [
      1.4302600622177124,
      1.2243943214416504,
      1.1636477708816528,
      1.1140379905700684,
      1.1562340259552002,
      1.1221470832824707,
      1.150162696838379,
      1.3529877662658691,
      1.4138920307159424,
      1.6471081972122192,
      1.9372687339782715,
      1.9942415952682495,
      2.2565364837646484,
      2.4902665615081787,
      2.6653425693511963,
      2.8340706825256348,
      3.2745048999786377,
      3.0346622467041016,
      3.285297393798828,
      3.2008566856384277,
      3.4247710704803467,
      3.5276901721954346,
      3.8639535903930664,
      3.717780351638794,
      3.7804880142211914,
      3.9036529064178467,
      3.9572668075561523,
      4.123660087585449,
      4.18751335144043,
      4.206235885620117,
      4.233211994171143,
      4.611190319061279,
      4.408367156982422,
      4.54404354095459,
      4.564007759094238,
      4.5921807289123535,
      4.5188775062561035,
      4.779489040374756,
      4.9365315437316895,
      4.709801197052002,
      5.01766300201416,
      5.358246803283691,
      5.5081915855407715,
      5.382292747497559,
      5.41856050491333,
      5.480040073394775,
      5.555219650268555,
      5.6245880126953125,
      5.608182430267334,
      5.87170934677124,
      6.015285491943359,
      6.104755878448486,
      5.955608367919922,
      5.709988594055176,
      5.82263708114624,
      5.7387189865112305,
      6.156182765960693,
      6.044744968414307,
      6.1816630363464355,
      6.172149181365967,
      6.554324150085449,
      6.222415447235107,
      6.305983543395996,
      6.313687324523926,
      6.225986480712891,
      6.339641571044922,
      6.416100025177002,
      6.806239604949951,
      6.682363033294678,
      6.989875793457031,
      6.590575218200684,
      6.919783115386963,
      6.962817192077637,
      6.976607799530029,
      6.998900413513184,
      7.028590202331543,
      7.164798736572266,
      7.248081207275391
    ],
    "test_acc": [
      50.09,
      56.37,
      58.89,
      61.74,
      62.11,
      64.28,
      65.81,
      64.64,
      64.82,
      65.27,
      64.84,
      65.01,
      64.2,
      64.54,
      64.16,
      64.52,
      63.67,
      64.97,
      64.04,
      64.69,
      64.54,
      64.69,
      63.59,
      64.84,
      64.97,
      64.38,
      64.98,
      64.34,
      64.92,
      64.86,
      65.01,
      64.12,
      64.87,
      65.25,
      64.63,
      65.45,
      65.91,
      64.84,
      65.2,
      65.87,
      64.96,
      64.66,
      65.16,
      64.78,
      65.1,
      65.27,
      65.08,
      64.39,
      64.39,
      65.19,
      64.75,
      65.33,
      65.0,
      65.87,
      65.29,
      65.36,
      65.74,
      64.94,
      65.26,
      65.22,
      65.31,
      65.04,
      65.4,
      65.84,
      64.8,
      64.97,
      65.62,
      64.94,
      65.43,
      65.25,
      65.6,
      65.76,
      65.24,
      65.08,
      65.25,
      64.71,
      64.65,
      64.53
    ]
  }
}