{
  "config": {
    "run_name": "exp1_1",
    "out_dir": "./results",
    "seed": 427292482,
    "device": null,
    "bs_train": 128,
    "bs_test": 32,
    "batches": 50,
    "epochs": 100,
    "early_stopping": 3,
    "checkpoints": null,
    "lr": 0.001,
    "reg": 0.001,
    "filters_per_layer": [
      64
    ],
    "layers_per_block": 2,
    "pool_every": 2,
    "hidden_dims": [
      100
    ],
    "model_type": "cnn",
    "kw": {}
  },
  "results": {
    "num_epochs": 24,
    "train_loss": [
      1.7659986019134521,
      1.2669627666473389,
      1.0413529872894287,
      0.8904199600219727,
      0.7598886489868164,
      0.6415114998817444,
      0.5212011933326721,
      0.40832382440567017,
      0.30733221769332886,
      0.2147134691476822,
      0.15939848124980927,
      0.11456747353076935,
      0.09291592985391617,
      0.07372086495161057,
      0.057118721306324005,
      0.05167045444250107,
      0.04461734741926193,
      0.040329620242118835,
      0.038239337503910065,
      0.03886142745614052,
      0.030392274260520935,
      0.027873702347278595,
      0.024050207808613777,
      0.02454894781112671
    ],
    "train_acc": [
      36.038,
      55.134,
      63.392,
      68.844,
      73.56,
      77.812,
      81.964,
      85.874,
      89.514,
      92.766,
      94.53,
      96.03,
      96.856,
      97.538,
      98.068,
      98.216,
      98.508,
      98.678,
      98.792,
      98.736,
      98.988,
      99.084,
      99.192,
      99.218
    ],
    "test_loss": [
      1.482947826385498,
      1.2505203485488892,
      1.136108160018921,
      1.0195887088775635,
      1.0543060302734375,
      1.0765011310577393,
      1.169291615486145,
      1.566319465637207,
      1.4746874570846558,
      1.6603277921676636,
      1.9718643426895142,
      2.128737688064575,
      2.28686785697937,
      2.5528717041015625,
      2.644531726837158,
      2.7715296745300293,
      2.947871685028076,
      3.0934743881225586,
      3.1536386013031006,
      3.2701549530029297,
      3.3164327144622803,
      3.395378351211548,
      3.5158352851867676,
      3.7448055744171143
    ],
    "test_acc": [
      47.06,
      54.65,
      59.94,
      65.12,
      65.29,
      66.71,
      67.02,
      63.96,
      66.34,
      66.09,
      66.03,
      66.97,
      66.01,
      65.42,
      66.85,
      66.37,
      66.34,
      67.09,
      66.35,
      66.2,
      67.29,
      66.46,
      66.29,
      65.76
    ]
  }
}