{
  "config": {
    "run_name": "exp1_2",
    "out_dir": "./results",
    "seed": 1693930799,
    "device": null,
    "bs_train": 128,
    "bs_test": 32,
    "batches": 500,
    "epochs": 100,
    "early_stopping": 3,
    "checkpoints": null,
    "lr": 0.001,
    "reg": 0.001,
    "filters_per_layer": [
      32
    ],
    "layers_per_block": 4,
    "pool_every": 3,
    "hidden_dims": [
      100
    ],
    "model_type": "cnn",
    "kw": {}
  },
  "results": {
    "num_epochs": 58,
    "train_loss": [
      1.8869580030441284,
      1.399188756942749,
      1.1555960178375244,
      0.947539210319519,
      0.773208498954773,
      0.6178323030471802,
      0.46032264828681946,
      0.32851091027259827,
      0.23561321198940277,
      0.17119070887565613,
      0.12613342702388763,
      0.10091108083724976,
      0.0850711315870285,
      0.07555605471134186,
      0.07069741189479828,
      0.06316860020160675,
      0.05628393217921257,
      0.0462968684732914,
      0.044769518077373505,
      0.04276379570364952,
      0.04199748858809471,
      0.041897181421518326,
      0.042202986776828766,
      0.04096047952771187,
      0.03956009820103645,
      0.03473683074116707,
      0.03236851841211319,
      0.03340781480073929,
      0.033109214156866074,
      0.03173842281103134,
      0.028280889615416527,
      0.030195975676178932,
      0.029160067439079285,
      0.03039429523050785,
      0.029664671048521996,
      0.027102524414658546,
      0.02846487984061241,
      0.026940898969769478,
      0.025828249752521515,
      0.02850169874727726,
      0.02734190598130226,
      0.02590232342481613,
      0.028447985649108887,
      0.024980047717690468,
      0.02929171919822693,
      0.024712931364774704,
      0.024272965267300606,
      0.026729168370366096,
      0.024837039411067963,
      0.027779171243309975,
      0.023685308173298836,
      0.021737704053521156,
      0.028600502759218216,
      0.0236631091684103,
      0.018748773261904716,
      0.021777523681521416,
      0.0231796707957983,
      0.022181453183293343
    ],
    "train_acc": [
      31.142,
      49.756,
      58.96,
      66.604,
      73.01,
      78.48,
      84.14,
      88.642,
      92.054,
      94.086,
      95.78,
      96.558,
      97.14,
      97.518,
      97.718,
      98.026,
      98.156,
      98.556,
      98.622,
      98.7,
      98.716,
      98.744,
      98.75,
      98.776,
      98.924,
      99.0,
      99.102,
      99.044,
      99.048,
      99.132,
      99.2,
      99.202,
      99.162,
      99.182,
      99.22,
      99.256,
      99.202,
      99.338,
      99.36,
      99.28,
      99.368,
      99.384,
      99.284,
      99.404,
      99.296,
      99.39,
      99.39,
      99.366,
      99.358,
      99.406,
      99.414,
      99.472,
      99.368,
      99.492,
      99.57,
      99.458,
      99.476,
      99.492
    ],
    "test_loss": [
      1.5346136093139648,
      1.2816343307495117,
      1.1540189981460571,
      1.0558992624282837,
      1.1012173891067505,
      1.2131308317184448,
      1.4381011724472046,
      1.4970347881317139,
      1.8158663511276245,
      2.2915573120117188,
      2.442239284515381,
      2.6165318489074707,
      2.8414602279663086,
      2.881352186203003,
      2.9428789615631104,
      3.21858549118042,
      3.324662208557129,
      3.827571153640747,
      3.718900442123413,
      3.7412126064300537,
      4.172083854675293,
      4.164730548858643,
      4.312665939331055,
      4.350607872009277,
      4.108871936798096,
      4.3541579246521,
      4.507566452026367,
      4.542115211486816,
      4.9681220054626465,
      4.932316303253174,
      5.383871555328369,
      4.885606288909912,
      5.183895587921143,
      5.165496349334717,
      5.830371379852295,
      5.359649658203125,
      5.36388635635376,
      6.033548831939697,
      5.699656009674072,
      5.7781476974487305,
      5.525933742523193,
      5.652777671813965,
      6.265011310577393,
      5.850550651550293,
      5.966526508331299,
      6.063614368438721,
      6.327756404876709,
      6.37930965423584,
      6.443707466125488,
      6.78485107421875,
      6.646767616271973,
      7.010923385620117,
      6.6553850173950195,
      6.520479202270508,
      6.873493194580078,
      6.9929728507995605,
      6.797867774963379,
      7.59580135345459
    ],
    "test_acc": [
      44.84,
      54.65,
      59.07,
      63.85,
      65.93,
      65.82,
      65.54,
      66.57,
      65.92,
      64.84,
      65.6,
      65.05,
      64.9,
      66.34,
      66.2,
      66.02,
      66.13,
      65.67,
      66.48,
      65.69,
      65.87,
      66.07,
      65.81,
      66.22,
      66.07,
      66.18,
      66.11,
      67.05,
      65.98,
      65.85,
      67.14,
      66.53,
      65.8,
      66.34,
      65.31,
      66.27,
      67.15,
      66.34,
      66.36,
      67.05,
      67.0,
      65.88,
      66.02,
      66.79,
      66.37,
      66.64,
      66.04,
      65.45,
      66.56,
      66.85,
      66.1,
      66.73,
      66.19,
      66.5,
      67.09,
      66.65,
      66.42,
      66.18
    ]
  }
}