{
  "config": {
    "run_name": "exp1_1",
    "out_dir": "./results",
    "seed": 1634876216,
    "device": null,
    "bs_train": 128,
    "bs_test": 32,
    "batches": 50,
    "epochs": 100,
    "early_stopping": 3,
    "checkpoints": null,
    "lr": 0.001,
    "reg": 0.001,
    "filters_per_layer": [
      32
    ],
    "layers_per_block": 4,
    "pool_every": 3,
    "hidden_dims": [
      100
    ],
    "model_type": "cnn",
    "kw": {}
  },
  "results": {
    "num_epochs": 18,
    "train_loss": [
      1.8868298530578613,
      1.4086748361587524,
      1.172182559967041,
      0.9642710089683533,
      0.798162579536438,
      0.6448841691017151,
      0.4979788064956665,
      0.3679253160953522,
      0.2575293481349945,
      0.19195467233657837,
      0.14459523558616638,
      0.11496371775865555,
      0.09823206812143326,
      0.08412432670593262,
      0.07537400722503662,
      0.06576911360025406,
      0.06334007531404495,
      0.059177856892347336
    ],
    "train_acc": [
      31.358,
      49.442,
      58.298,
      66.08,
      71.848,
      77.492,
      82.666,
      87.252,
      91.198,
      93.394,
      94.964,
      96.076,
      96.784,
      97.264,
      97.522,
      97.932,
      98.048,
      98.122
    ],
    "test_loss": [
      1.5602116584777832,
      1.2892569303512573,
      1.139404058456421,
      1.1558759212493896,
      1.0446484088897705,
      1.1827055215835571,
      1.3896487951278687,
      1.4656062126159668,
      1.863570213317871,
      2.061978578567505,
      2.470991849899292,
      2.574594736099243,
      2.8080248832702637,
      3.257478952407837,
      3.1105170249938965,
      3.441840410232544,
      3.623600721359253,
      3.850048065185547
    ],
    "test_acc": [
      44.46,
      53.68,
      60.25,
      61.45,
      65.54,
      65.72,
      64.29,
      65.35,
      64.5,
      64.93,
      63.97,
      65.19,
      64.28,
      63.8,
      64.83,
      64.21,
      64.18,
      64.12
    ]
  }
}