{
  "config": {
    "run_name": "exp1_2",
    "out_dir": "./results",
    "seed": 2112939734,
    "device": null,
    "bs_train": 128,
    "bs_test": 32,
    "batches": 500,
    "epochs": 100,
    "early_stopping": 3,
    "checkpoints": null,
    "lr": 0.001,
    "reg": 0.001,
    "filters_per_layer": [
      64
    ],
    "layers_per_block": 4,
    "pool_every": 3,
    "hidden_dims": [
      100
    ],
    "model_type": "cnn",
    "kw": {}
  },
  "results": {
    "num_epochs": 35,
    "train_loss": [
      2.007843494415283,
      1.4912930727005005,
      1.24178946018219,
      1.0171737670898438,
      0.8235252499580383,
      0.6563707590103149,
      0.49959373474121094,
      0.35741984844207764,
      0.2427167445421219,
      0.16711533069610596,
      0.1326266974210739,
      0.10958317667245865,
      0.08932177722454071,
      0.07806980609893799,
      0.06422492861747742,
      0.05673188343644142,
      0.057983677834272385,
      0.05399028956890106,
      0.05250127241015434,
      0.047924891114234924,
      0.045703668147325516,
      0.046977415680885315,
      0.041328251361846924,
      0.03866347298026085,
      0.03341444954276085,
      0.041756026446819305,
      0.037043340504169464,
      0.03650692477822304,
      0.03422732651233673,
      0.03253810107707977,
      0.032841961830854416,
      0.03216398507356644,
      0.030575120821595192,
      0.03194009140133858,
      0.03461301326751709
    ],
    "train_acc": [
      26.164,
      46.268,
      55.486,
      64.192,
      71.114,
      77.262,
      82.768,
      87.734,
      91.75,
      94.268,
      95.564,
      96.298,
      97.118,
      97.544,
      97.92,
      98.246,
      98.23,
      98.316,
      98.424,
      98.558,
      98.69,
      98.586,
      98.806,
      98.938,
      99.032,
      98.89,
      99.008,
      98.986,
      99.036,
      99.132,
      99.186,
      99.15,
      99.268,
      99.21,
      99.192
    ],
    "test_loss": [
      1.6542892456054688,
      1.3492588996887207,
      1.1765111684799194,
      1.0282022953033447,
      1.0441789627075195,
      1.0866334438323975,
      1.3056912422180176,
      1.4554576873779297,
      1.6895006895065308,
      1.9608951807022095,
      2.1621809005737305,
      2.2118985652923584,
      2.4390430450439453,
      2.7600488662719727,
      2.8637561798095703,
      3.173952341079712,
      3.526475191116333,
      2.9503209590911865,
      3.180030584335327,
      3.600964307785034,
      3.53796648979187,
      3.784235954284668,
      3.9855945110321045,
      3.9776296615600586,
      4.2081098556518555,
      4.215848445892334,
      4.776559829711914,
      4.3077778816223145,
      4.577404022216797,
      4.583832263946533,
      5.118286609649658,
      5.066382884979248,
      4.787136554718018,
      5.070283889770508,
      5.381162166595459
    ],
    "test_acc": [
      41.44,
      50.97,
      57.5,
      64.8,
      66.69,
      67.03,
      67.43,
      67.5,
      67.41,
      67.53,
      67.24,
      67.61,
      67.71,
      65.89,
      66.98,
      66.71,
      64.81,
      68.44,
      67.43,
      66.64,
      67.46,
      67.05,
      67.27,
      67.95,
      67.95,
      67.29,
      66.42,
      67.83,
      68.97,
      68.1,
      67.93,
      68.24,
      68.2,
      67.26,
      66.57
    ]
  }
}