{
  "config": {
    "run_name": "exp1_4",
    "out_dir": "./results",
    "seed": 1209343929,
    "device": null,
    "bs_train": 128,
    "bs_test": 32,
    "batches": 500,
    "epochs": 100,
    "early_stopping": 3,
    "checkpoints": null,
    "lr": 0.001,
    "reg": 0.001,
    "filters_per_layer": [
      32
    ],
    "layers_per_block": 32,
    "pool_every": 17,
    "hidden_dims": [
      100
    ],
    "model_type": "resnet",
    "kw": {}
  },
  "results": {
    "num_epochs": 15,
    "train_loss": [
      1.9022387266159058,
      1.5752789974212646,
      1.4652663469314575,
      1.4010517597198486,
      1.35349702835083,
      1.3148870468139648,
      1.2819150686264038,
      1.251091718673706,
      1.2232249975204468,
      1.1971848011016846,
      1.1727476119995117,
      1.1501128673553467,
      1.1270533800125122,
      1.1047435998916626,
      1.0828806161880493
    ],
    "train_acc": [
      31.882,
      44.034,
      48.014,
      50.312,
      52.148,
      53.616,
      54.674,
      55.862,
      56.926,
      57.85,
      58.884,
      59.692,
      60.478,
      61.312,
      62.112
    ],
    "test_loss": [
      1.6225786209106445,
      1.4783436059951782,
      1.4173334836959839,
      1.3783516883850098,
      1.3639758825302124,
      1.3433921337127686,
      1.3355903625488281,
      1.3182532787322998,
      1.3153971433639526,
      1.31223726272583,
      1.3178184032440186,
      1.2978459596633911,
      1.316962480545044,
      1.350223183631897,
      1.3662822246551514
    ],
    "test_acc": [
      42.71,
      47.64,
      49.63,
      51.1,
      51.81,
      52.24,
      52.2,
      52.88,
      53.42,
      53.66,
      53.18,
      54.28,
      53.45,
      53.18,
      52.95
    ]
  }
}