{
  "config": {
    "run_name": "exp1_2",
    "out_dir": "./results",
    "seed": 1781358446,
    "device": null,
    "bs_train": 128,
    "bs_test": 32,
    "batches": 500,
    "epochs": 100,
    "early_stopping": 3,
    "checkpoints": null,
    "lr": 0.001,
    "reg": 0.001,
    "filters_per_layer": [
      256
    ],
    "layers_per_block": 2,
    "pool_every": 2,
    "hidden_dims": [
      100
    ],
    "model_type": "cnn",
    "kw": {}
  },
  "results": {
    "num_epochs": 22,
    "train_loss": [
      1.7514488697052002,
      1.2250944375991821,
      0.9861857891082764,
      0.8153883814811707,
      0.6618785262107849,
      0.5166255831718445,
      0.38031578063964844,
      0.2663341462612152,
      0.18934909999370575,
      0.13355562090873718,
      0.09480534493923187,
      0.08334478735923767,
      0.06690607219934464,
      0.05798119306564331,
      0.04592841491103172,
      0.04533524811267853,
      0.03776980936527252,
      0.032908111810684204,
      0.03501828759908676,
      0.030307570472359657,
      0.03372520953416824,
      0.028796564787626266
    ],
    "train_acc": [
      36.85,
      56.464,
      65.232,
      71.184,
      76.88,
      82.072,
      86.918,
      90.91,
      93.43,
      95.448,
      96.784,
      97.136,
      97.716,
      98.054,
      98.592,
      98.542,
      98.786,
      98.896,
      98.906,
      99.016,
      98.978,
      99.07
    ],
    "test_loss": [
      1.4548125267028809,
      1.158203363418579,
      1.0200588703155518,
      0.995758056640625,
      1.0798406600952148,
      1.24601149559021,
      1.3599660396575928,
      1.6008261442184448,
      2.1096036434173584,
      2.073593854904175,
      2.3063905239105225,
      2.641690254211426,
      2.618285655975342,
      2.862234354019165,
      2.904684066772461,
      3.218900442123413,
      3.292617082595825,
      3.3267412185668945,
      3.453972101211548,
      3.808274745941162,
      3.600663900375366,
      3.9379115104675293
    ],
    "test_acc": [
      46.86,
      58.65,
      64.31,
      66.27,
      66.21,
      66.72,
      66.44,
      66.58,
      63.5,
      66.22,
      66.98,
      66.09,
      66.35,
      66.58,
      66.81,
      65.96,
      67.7,
      66.53,
      66.9,
      66.77,
      66.44,
      65.32
    ]
  }
}