{
  "config": {
    "run_name": "exp1_3",
    "out_dir": "./results",
    "seed": 1078553089,
    "device": null,
    "bs_train": 128,
    "bs_test": 32,
    "batches": 500,
    "epochs": 100,
    "early_stopping": 3,
    "checkpoints": null,
    "lr": 0.001,
    "reg": 0.001,
    "filters_per_layer": [
      64,
      128,
      256
    ],
    "layers_per_block": 2,
    "pool_every": 2,
    "hidden_dims": [
      100
    ],
    "model_type": "cnn",
    "kw": {}
  },
  "results": {
    "num_epochs": 13,
    "train_loss": [
      2.2516987323760986,
      1.7969013452529907,
      1.4426648616790771,
      1.169527530670166,
      0.9487529993057251,
      0.7732948064804077,
      0.6246340274810791,
      0.5043835639953613,
      0.40552806854248047,
      0.31946107745170593,
      0.2636156678199768,
      0.22648942470550537,
      0.19421237707138062
    ],
    "train_acc": [
      13.692,
      34.228,
      47.712,
      58.292,
      66.556,
      72.99,
      78.302,
      82.47,
      86.042,
      88.876,
      90.848,
      92.142,
      93.4
    ],
    "test_loss": [
      1.9869794845581055,
      1.5497772693634033,
      1.424027919769287,
      1.0938429832458496,
      0.9748274087905884,
      1.019432783126831,
      1.0993680953979492,
      0.8611634373664856,
      0.9391486048698425,
      1.0572408437728882,
      1.2328128814697266,
      1.3822063207626343,
      1.431452989578247
    ],
    "test_acc": [
      27.32,
      43.58,
      48.97,
      61.36,
      66.09,
      65.32,
      64.81,
      73.27,
      75.19,
      75.31,
      74.93,
      73.73,
      73.12
    ]
  }
}