{
  "config": {
    "run_name": "exp1_2",
    "out_dir": "./results",
    "seed": 914262980,
    "device": null,
    "bs_train": 128,
    "bs_test": 32,
    "batches": 500,
    "epochs": 100,
    "early_stopping": 3,
    "checkpoints": null,
    "lr": 0.001,
    "reg": 0.001,
    "filters_per_layer": [
      32
    ],
    "layers_per_block": 8,
    "pool_every": 5,
    "hidden_dims": [
      100
    ],
    "model_type": "cnn",
    "kw": {}
  },
  "results": {
    "num_epochs": 13,
    "train_loss": [
      2.303145408630371,
      2.3029067516326904,
      2.306546926498413,
      2.0261001586914062,
      1.641203761100769,
      1.3503471612930298,
      1.1422009468078613,
      0.954632043838501,
      0.7960012555122375,
      0.635916531085968,
      0.48460865020751953,
      0.3527507483959198,
      0.26326239109039307
    ],
    "train_acc": [
      9.812,
      9.638,
      9.762,
      25.564,
      40.532,
      51.532,
      59.458,
      66.522,
      72.246,
      77.844,
      83.19,
      87.966,
      90.916
    ],
    "test_loss": [
      2.302703380584717,
      2.3026692867279053,
      2.3026692867279053,
      1.7998543977737427,
      1.4225319623947144,
      1.233737826347351,
      1.1872694492340088,
      1.1972471475601196,
      1.1646852493286133,
      1.2760757207870483,
      1.425626277923584,
      1.8229299783706665,
      2.228872537612915
    ],
    "test_acc": [
      10.0,
      10.0,
      10.0,
      34.97,
      48.86,
      56.14,
      58.62,
      60.29,
      63.59,
      64.34,
      63.18,
      62.44,
      61.35
    ]
  }
}