{
  "config": {
    "run_name": "exp1_1",
    "out_dir": "./results",
    "seed": 183601745,
    "device": null,
    "bs_train": 128,
    "bs_test": 32,
    "batches": 50,
    "epochs": 100,
    "early_stopping": 3,
    "checkpoints": null,
    "lr": 0.001,
    "reg": 0.001,
    "filters_per_layer": [
      64
    ],
    "layers_per_block": 4,
    "pool_every": 3,
    "hidden_dims": [
      100
    ],
    "model_type": "cnn",
    "kw": {}
  },
  "results": {
    "num_epochs": 14,
    "train_loss": [
      1.8758844137191772,
      1.3956258296966553,
      1.109108805656433,
      0.8859166502952576,
      0.6897095441818237,
      0.5057117342948914,
      0.35591310262680054,
      0.23449937999248505,
      0.16573232412338257,
      0.12237989902496338,
      0.10285094380378723,
      0.08985444158315659,
      0.0715423971414566,
      0.06922739744186401
    ],
    "train_acc": [
      31.864,
      50.052,
      60.796,
      68.778,
      76.086,
      82.586,
      87.666,
      92.02,
      94.476,
      95.766,
      96.598,
      97.172,
      97.68,
      97.836
    ],
    "test_loss": [
      1.737795114517212,
      1.3266795873641968,
      1.069836139678955,
      1.1914252042770386,
      1.1225825548171997,
      1.3495721817016602,
      1.5569164752960205,
      1.8464460372924805,
      2.1845521926879883,
      2.305962324142456,
      2.4801790714263916,
      2.7162256240844727,
      3.3663668632507324,
      3.3562862873077393
    ],
    "test_acc": [
      38.85,
      53.27,
      62.69,
      61.2,
      65.6,
      66.56,
      65.93,
      67.28,
      64.92,
      66.29,
      66.54,
      66.36,
      65.82,
      65.74
    ]
  }
}