{
  "config": {
    "kw": {},
    "model_type": "cnn",
    "hidden_dims": [
      1024
    ],
    "pool_every": 2,
    "layers_per_block": 2,
    "filters_per_layer": [
      32
    ],
    "reg": 0.001,
    "lr": 0.001,
    "checkpoints": null,
    "early_stopping": 3,
    "epochs": 100,
    "batches": 50,
    "bs_test": 32,
    "bs_train": 128,
    "device": null,
    "seed": 690868992,
    "out_dir": "./results",
    "run_name": "exp1_1"
  },
  "results": {
    "num_epochs": 13,
    "train_loss": [
      1.7021865844726562,
      1.1579082012176514,
      0.8775680661201477,
      0.6314455270767212,
      0.38295987248420715,
      0.19628538191318512,
      0.10527995973825455,
      0.0626576840877533,
      0.045965664088726044,
      0.03796849027276039,
      0.027611900120973587,
      0.024284474551677704,
      0.014765085652470589
    ],
    "train_acc": [
      38.586,
      58.7,
      69.422,
      78.288,
      86.94,
      93.572,
      96.532,
      98.06,
      98.54,
      98.718,
      99.13,
      99.232,
      99.526
    ],
    "test_loss": [
      1.3045285940170288,
      1.1723226308822632,
      1.0268305540084839,
      1.0031622648239136,
      1.2718456983566284,
      1.4885351657867432,
      1.588559627532959,
      1.8815311193466187,
      2.094256639480591,
      2.0555315017700195,
      2.359865665435791,
      2.3500640392303467,
      2.343961715698242
    ],
    "test_acc": [
      53.27,
      58.18,
      65.4,
      68.06,
      67.09,
      66.74,
      68.91,
      67.69,
      67.51,
      69.48,
      68.56,
      68.52,
      68.26
    ]
  }
}