{
  "config": {
    "run_name": "exp1_2",
    "out_dir": "./results",
    "seed": 428834593,
    "device": null,
    "bs_train": 128,
    "bs_test": 32,
    "batches": null,
    "epochs": 100,
    "early_stopping": 3,
    "checkpoints": null,
    "lr": 0.001,
    "reg": 0.001,
    "filters_per_layer": [
      256
    ],
    "layers_per_block": 2,
    "pool_every": 1,
    "hidden_dims": [
      1024
    ],
    "model_type": "cnn",
    "kw": {}
  },
  "results": {
    "num_epochs": 13,
    "train_loss": [
      1.838813066482544,
      1.2664231061935425,
      0.990118145942688,
      0.7763943672180176,
      0.5699018836021423,
      0.3894122838973999,
      0.2382141649723053,
      0.14843714237213135,
      0.10372673720121384,
      0.0788017138838768,
      0.05769949033856392,
      0.04885178059339523,
      0.040559932589530945
    ],
    "train_acc": [
      33.374,
      54.95,
      65.178,
      73.044,
      80.278,
      86.78,
      91.926,
      95.012,
      96.564,
      97.436,
      98.11,
      98.372,
      98.684
    ],
    "test_loss": [
      1.4088548421859741,
      1.1323834657669067,
      0.9798855185508728,
      0.9504547715187073,
      1.0369576215744019,
      1.1422052383422852,
      1.2348712682724,
      1.5124768018722534,
      1.6445496082305908,
      1.7618227005004883,
      1.8615514039993286,
      1.966618299484253,
      2.2162692546844482
    ],
    "test_acc": [
      48.67,
      60.09,
      66.46,
      69.14,
      69.62,
      70.17,
      70.82,
      70.01,
      71.11,
      71.68,
      70.95,
      71.47,
      70.89
    ]
  }
}