{
  "config": {
    "run_name": "exp1_3",
    "out_dir": "./results",
    "seed": 1897283247,
    "device": null,
    "bs_train": 128,
    "bs_test": 32,
    "batches": null,
    "epochs": 100,
    "early_stopping": 3,
    "checkpoints": null,
    "lr": 0.001,
    "reg": 0.001,
    "filters_per_layer": [
      64,
      128,
      256
    ],
    "layers_per_block": 2,
    "pool_every": 3,
    "hidden_dims": [
      1024
    ],
    "model_type": "cnn",
    "kw": {}
  },
  "results": {
    "num_epochs": 9,
    "train_loss": [
      2.2480318546295166,
      1.801720142364502,
      1.407335877418518,
      1.119626760482788,
      0.874037504196167,
      0.6406956315040588,
      0.4209936559200287,
      0.24746361374855042,
      0.15094244480133057
    ],
    "train_acc": [
      14.358,
      34.482,
      49.712,
      60.454,
      69.506,
      77.91,
      85.632,
      91.77,
      94.932
    ],
    "test_loss": [
      1.9535409212112427,
      1.5509071350097656,
      1.2752537727355957,
      1.125867247581482,
      0.9825367331504822,
      1.0117385387420654,
      1.3303406238555908,
      1.7152692079544067,
      1.5176931619644165
    ],
    "test_acc": [
      29.57,
      42.8,
      54.09,
      60.81,
      66.24,
      69.12,
      68.22,
      66.79,
      68.98
    ]
  }
}