{
  "config": {
    "run_name": "exp1_4",
    "out_dir": "./results",
    "seed": 841439265,
    "device": null,
    "bs_train": 128,
    "bs_test": 32,
    "batches": null,
    "epochs": 100,
    "early_stopping": 3,
    "checkpoints": null,
    "lr": 0.001,
    "reg": 0.001,
    "filters_per_layer": [
      64,
      128,
      256
    ],
    "layers_per_block": 2,
    "pool_every": 6,
    "hidden_dims": [
      1024
    ],
    "model_type": "resnet",
    "kw": {}
  },
  "results": {
    "num_epochs": 9,
    "train_loss": [
      2.120133638381958,
      1.4554426670074463,
      1.2384614944458008,
      1.0290170907974243,
      0.8326098322868347,
      0.643368661403656,
      0.4721769094467163,
      0.30729103088378906,
      0.17770126461982727
    ],
    "train_acc": [
      30.664,
      48.448,
      55.956,
      63.838,
      70.808,
      77.622,
      83.592,
      89.558,
      93.946
    ],
    "test_loss": [
      1.5423057079315186,
      1.5952696800231934,
      1.181519627571106,
      1.1093950271606445,
      1.0656040906906128,
      1.0263662338256836,
      1.3370471000671387,
      1.505836009979248,
      1.6119904518127441
    ],
    "test_acc": [
      46.25,
      45.99,
      58.35,
      61.56,
      64.05,
      67.17,
      65.02,
      66.76,
      66.9
    ]
  }
}