{
  "config": {
    "run_name": "exp1_1",
    "out_dir": "./results",
    "seed": 652577860,
    "device": null,
    "bs_train": 128,
    "bs_test": 32,
    "batches": null,
    "epochs": 100,
    "early_stopping": 5,
    "checkpoints": null,
    "lr": 0.001,
    "reg": 0.001,
    "filters_per_layer": [
      32
    ],
    "layers_per_block": 2,
    "pool_every": 1,
    "hidden_dims": [
      1024
    ],
    "model_type": "cnn",
    "kw": {}
  },
  "results": {
    "num_epochs": 20,
    "train_loss": [
      1.7304539680480957,
      1.228319525718689,
      0.9872415661811829,
      0.8049972653388977,
      0.6349823474884033,
      0.47814205288887024,
      0.33038458228111267,
      0.21807314455509186,
      0.1416843831539154,
      0.09917764365673065,
      0.0653710588812828,
      0.049884695559740067,
      0.04289357364177704,
      0.03342515230178833,
      0.029871271923184395,
      0.023081857711076736,
      0.019102243706583977,
      0.0152098648250103,
      0.01442816574126482,
      0.01757308468222618
    ],
    "train_acc": [
      37.506,
      56.346,
      65.464,
      72.058,
      77.88,
      83.602,
      88.892,
      92.804,
      95.374,
      96.736,
      97.922,
      98.398,
      98.628,
      98.908,
      99.076,
      99.242,
      99.386,
      99.546,
      99.56,
      99.416
    ],
    "test_loss": [
      1.4110339879989624,
      1.2065033912658691,
      1.0398776531219482,
      0.9734038710594177,
      0.9632195830345154,
      1.0285042524337769,
      1.2210321426391602,
      1.3706691265106201,
      1.4621803760528564,
      1.7151848077774048,
      1.6913942098617554,
      1.8745484352111816,
      1.9025003910064697,
      2.08986759185791,
      2.184685707092285,
      2.102867841720581,
      2.2102808952331543,
      2.3653905391693115,
      2.4360270500183105,
      2.4798061847686768
    ],
    "test_acc": [
      50.29,
      57.04,
      63.66,
      67.12,
      68.54,
      69.79,
      69.26,
      69.46,
      70.3,
      68.24,
      70.48,
      70.61,
      70.44,
      70.18,
      70.81,
      70.58,
      70.15,
      70.35,
      69.81,
      70.54
    ]
  }
}