{
  "config": {
    "run_name": "exp1_2",
    "out_dir": "./results",
    "seed": 1149007212,
    "device": null,
    "bs_train": 128,
    "bs_test": 32,
    "batches": null,
    "epochs": 100,
    "early_stopping": 3,
    "checkpoints": null,
    "lr": 0.001,
    "reg": 0.001,
    "filters_per_layer": [
      256
    ],
    "layers_per_block": 4,
    "pool_every": 2,
    "hidden_dims": [
      1024
    ],
    "model_type": "cnn",
    "kw": {}
  },
  "results": {
    "num_epochs": 19,
    "train_loss": [
      2.0641543865203857,
      1.4534598588943481,
      1.1029943227767944,
      0.8200643062591553,
      0.5871188640594482,
      0.3738453984260559,
      0.22056810557842255,
      0.13816162943840027,
      0.10543482005596161,
      0.07961791008710861,
      0.07309003919363022,
      0.058162253350019455,
      0.05471290647983551,
      0.04346564784646034,
      0.044795531779527664,
      0.032924484461545944,
      0.03297392651438713,
      0.03240556642413139,
      0.034778956323862076
    ],
    "train_acc": [
      23.568,
      48.06,
      61.086,
      71.154,
      79.49,
      87.33,
      92.514,
      95.442,
      96.544,
      97.464,
      97.69,
      98.242,
      98.318,
      98.706,
      98.706,
      99.05,
      99.06,
      99.114,
      98.974
    ],
    "test_loss": [
      1.6424530744552612,
      1.2977221012115479,
      0.9610072374343872,
      0.9259152412414551,
      1.0017927885055542,
      1.223005771636963,
      1.69341242313385,
      1.685960054397583,
      1.623592734336853,
      1.9247491359710693,
      1.918527603149414,
      2.004467725753784,
      2.2035913467407227,
      2.163959264755249,
      2.2140262126922607,
      2.414680004119873,
      2.599571943283081,
      2.528301239013672,
      2.70387601852417
    ],
    "test_acc": [
      40.43,
      54.43,
      66.89,
      69.1,
      70.59,
      70.29,
      69.78,
      73.19,
      73.35,
      72.79,
      72.69,
      73.5,
      73.91,
      74.17,
      74.68,
      74.85,
      74.54,
      74.01,
      73.2
    ]
  }
}