{
  "config": {
    "run_name": "exp1_1",
    "out_dir": "./results",
    "seed": 424991538,
    "device": null,
    "bs_train": 128,
    "bs_test": 32,
    "batches": null,
    "epochs": 100,
    "early_stopping": 5,
    "checkpoints": null,
    "lr": 0.001,
    "reg": 0.001,
    "filters_per_layer": [
      64
    ],
    "layers_per_block": 16,
    "pool_every": 8,
    "hidden_dims": [
      1024
    ],
    "model_type": "cnn",
    "kw": {}
  },
  "results": {
    "num_epochs": 6,
    "train_loss": [
      2.3030035495758057,
      2.3028652667999268,
      2.302851676940918,
      2.302852153778076,
      2.302851915359497,
      2.302851915359497
    ],
    "train_acc": [
      9.696,
      9.576,
      9.662,
      9.628,
      9.628,
      9.628
    ],
    "test_loss": [
      2.302686929702759,
      2.302659749984741,
      2.3026607036590576,
      2.3026599884033203,
      2.3026599884033203,
      2.3026599884033203
    ],
    "test_acc": [
      10.0,
      10.0,
      10.0,
      10.0,
      10.0,
      10.0
    ]
  }
}