{
  "config": {
    "run_name": "exp1_3",
    "out_dir": "./results",
    "seed": 506711307,
    "device": null,
    "bs_train": 128,
    "bs_test": 32,
    "batches": null,
    "epochs": 100,
    "early_stopping": 3,
    "checkpoints": null,
    "lr": 0.001,
    "reg": 0.001,
    "filters_per_layer": [
      64,
      128,
      256
    ],
    "layers_per_block": 1,
    "pool_every": 1,
    "hidden_dims": [
      1024
    ],
    "model_type": "cnn",
    "kw": {}
  },
  "results": {
    "num_epochs": 8,
    "train_loss": [
      1.8422120809555054,
      1.2927454710006714,
      0.9874687194824219,
      0.7703849673271179,
      0.5903608202934265,
      0.4200828969478607,
      0.28057757019996643,
      0.19321969151496887
    ],
    "train_acc": [
      32.366,
      53.872,
      65.286,
      73.054,
      79.534,
      85.552,
      90.408,
      93.35
    ],
    "test_loss": [
      1.4262735843658447,
      1.1934841871261597,
      0.9392039179801941,
      0.9010259509086609,
      0.929786741733551,
      1.1253445148468018,
      1.2815768718719482,
      1.5678399801254272
    ],
    "test_acc": [
      47.33,
      57.25,
      67.88,
      71.08,
      72.37,
      71.01,
      71.25,
      70.28
    ]
  }
}