{
  "config": {
    "run_name": "exp1_2",
    "out_dir": "./results",
    "seed": 182565108,
    "device": null,
    "bs_train": 128,
    "bs_test": 32,
    "batches": null,
    "epochs": 100,
    "early_stopping": 3,
    "checkpoints": null,
    "lr": 0.001,
    "reg": 0.001,
    "filters_per_layer": [
      32
    ],
    "layers_per_block": 2,
    "pool_every": 1,
    "hidden_dims": [
      1024
    ],
    "model_type": "cnn",
    "kw": {}
  },
  "results": {
    "num_epochs": 18,
    "train_loss": [
      1.749027132987976,
      1.264466643333435,
      1.02457594871521,
      0.8381925225257874,
      0.6655477285385132,
      0.5029317736625671,
      0.3574717342853546,
      0.22847270965576172,
      0.1523863524198532,
      0.10320456326007843,
      0.07534916698932648,
      0.059241101145744324,
      0.04115486145019531,
      0.03496217727661133,
      0.030832532793283463,
      0.02855658531188965,
      0.025718241930007935,
      0.019528871402144432
    ],
    "train_acc": [
      36.506,
      54.74,
      64.034,
      70.802,
      77.062,
      82.674,
      87.902,
      92.426,
      95.088,
      96.602,
      97.494,
      98.124,
      98.754,
      98.91,
      99.012,
      99.136,
      99.2,
      99.4
    ],
    "test_loss": [
      1.4343236684799194,
      1.2099543809890747,
      1.031123161315918,
      0.9353496432304382,
      0.9850163459777832,
      1.0898369550704956,
      1.2002960443496704,
      1.285050630569458,
      1.5420641899108887,
      1.6345105171203613,
      1.6767176389694214,
      1.7558197975158691,
      1.923644781112671,
      2.1252894401550293,
      2.155675172805786,
      2.3108408451080322,
      2.2135515213012695,
      2.392976999282837
    ],
    "test_acc": [
      48.76,
      56.98,
      64.08,
      68.32,
      68.23,
      68.6,
      68.71,
      69.59,
      68.39,
      69.56,
      70.47,
      70.68,
      70.46,
      69.7,
      70.76,
      69.77,
      70.47,
      69.85
    ]
  }
}