{
  "config": {
    "run_name": "exp1_2",
    "out_dir": "./results",
    "seed": 957055667,
    "device": null,
    "bs_train": 128,
    "bs_test": 32,
    "batches": null,
    "epochs": 100,
    "early_stopping": 3,
    "checkpoints": null,
    "lr": 0.001,
    "reg": 0.001,
    "filters_per_layer": [
      128
    ],
    "layers_per_block": 4,
    "pool_every": 2,
    "hidden_dims": [
      1024
    ],
    "model_type": "cnn",
    "kw": {}
  },
  "results": {
    "num_epochs": 11,
    "train_loss": [
      1.9319161176681519,
      1.3468178510665894,
      0.9987651705741882,
      0.7343598008155823,
      0.4917902648448944,
      0.28288817405700684,
      0.1671363115310669,
      0.11348291486501694,
      0.08566440641880035,
      0.06306435912847519,
      0.06018183380365372
    ],
    "train_acc": [
      28.996,
      51.358,
      64.726,
      74.286,
      82.804,
      90.376,
      94.426,
      96.324,
      97.234,
      98.032,
      98.126
    ],
    "test_loss": [
      1.5416916608810425,
      1.1670235395431519,
      1.0264955759048462,
      0.9322253465652466,
      1.0227787494659424,
      1.228249430656433,
      1.5610777139663696,
      1.7390989065170288,
      2.0887033939361572,
      2.319762945175171,
      2.1737515926361084
    ],
    "test_acc": [
      42.41,
      58.19,
      64.71,
      70.14,
      72.54,
      72.06,
      71.38,
      72.75,
      71.58,
      71.3,
      71.66
    ]
  }
}