{
  "config": {
    "run_name": "exp1_2",
    "out_dir": "./results",
    "seed": 337238513,
    "device": null,
    "bs_train": 128,
    "bs_test": 32,
    "batches": null,
    "epochs": 100,
    "early_stopping": 3,
    "checkpoints": null,
    "lr": 0.001,
    "reg": 0.001,
    "filters_per_layer": [
      64
    ],
    "layers_per_block": 4,
    "pool_every": 2,
    "hidden_dims": [
      1024
    ],
    "model_type": "cnn",
    "kw": {}
  },
  "results": {
    "num_epochs": 17,
    "train_loss": [
      1.8947184085845947,
      1.3275154829025269,
      1.0081329345703125,
      0.7517518997192383,
      0.5166746377944946,
      0.3115577697753906,
      0.1807042807340622,
      0.11822569370269775,
      0.08644154667854309,
      0.07168615609407425,
      0.05828547105193138,
      0.05519483983516693,
      0.0448886938393116,
      0.03682292252779007,
      0.03690607100725174,
      0.03584114462137222,
      0.03138156980276108
    ],
    "train_acc": [
      30.892,
      52.546,
      64.622,
      73.934,
      82.33,
      89.4,
      93.93,
      96.08,
      97.276,
      97.664,
      98.088,
      98.278,
      98.634,
      98.89,
      98.912,
      98.978,
      99.05
    ],
    "test_loss": [
      1.6318490505218506,
      1.2935459613800049,
      1.1476550102233887,
      1.0010747909545898,
      1.2637451887130737,
      1.329623818397522,
      1.5269864797592163,
      1.751667857170105,
      2.0317623615264893,
      2.241436243057251,
      2.1681857109069824,
      2.264606237411499,
      2.3073723316192627,
      2.436553478240967,
      2.8352596759796143,
      2.6311147212982178,
      2.9935407638549805
    ],
    "test_acc": [
      40.8,
      54.94,
      60.21,
      67.8,
      63.24,
      69.34,
      70.22,
      70.02,
      70.22,
      70.53,
      71.44,
      70.81,
      71.21,
      71.98,
      71.68,
      71.23,
      70.18
    ]
  }
}