{
  "config": {
    "run_name": "exp1_1",
    "out_dir": "./results",
    "seed": 661460284,
    "device": null,
    "bs_train": 128,
    "bs_test": 32,
    "batches": null,
    "epochs": 100,
    "early_stopping": 5,
    "checkpoints": null,
    "lr": 0.001,
    "reg": 0.001,
    "filters_per_layer": [
      32
    ],
    "layers_per_block": 4,
    "pool_every": 2,
    "hidden_dims": [
      1024
    ],
    "model_type": "cnn",
    "kw": {}
  },
  "results": {
    "num_epochs": 21,
    "train_loss": [
      1.8423155546188354,
      1.3172775506973267,
      1.0515395402908325,
      0.8219253420829773,
      0.616472065448761,
      0.4059153199195862,
      0.2478548139333725,
      0.16182520985603333,
      0.11222948879003525,
      0.09040858596563339,
      0.0745190754532814,
      0.06374602764844894,
      0.05230970308184624,
      0.042849600315093994,
      0.0427999272942543,
      0.03716589882969856,
      0.037065569311380386,
      0.03826666623353958,
      0.03514653444290161,
      0.025750067085027695,
      0.028360188007354736
    ],
    "train_acc": [
      33.088,
      52.87,
      63.154,
      71.146,
      78.356,
      86.088,
      91.56,
      94.59,
      96.342,
      96.96,
      97.52,
      97.948,
      98.382,
      98.694,
      98.644,
      98.82,
      98.902,
      98.84,
      98.962,
      99.228,
      99.128
    ],
    "test_loss": [
      1.5199668407440186,
      1.2230710983276367,
      1.0952428579330444,
      1.0133998394012451,
      1.1347920894622803,
      1.366457462310791,
      1.5782275199890137,
      1.807911992073059,
      2.156949520111084,
      2.1207869052886963,
      2.318488836288452,
      2.504152536392212,
      2.8138790130615234,
      2.9230051040649414,
      2.867382287979126,
      2.782710075378418,
      2.897998332977295,
      3.152273416519165,
      2.8193023204803467,
      3.465440034866333,
      3.4260964393615723
    ],
    "test_acc": [
      44.23,
      56.75,
      62.27,
      66.98,
      67.29,
      65.78,
      68.32,
      68.37,
      68.04,
      68.3,
      69.43,
      68.59,
      68.03,
      68.5,
      69.29,
      70.2,
      69.22,
      69.11,
      68.91,
      69.04,
      69.08
    ]
  }
}