{
  "config": {
    "run_name": "exp1_2",
    "out_dir": "./results",
    "seed": 232232408,
    "device": null,
    "bs_train": 128,
    "bs_test": 32,
    "batches": null,
    "epochs": 100,
    "early_stopping": 3,
    "checkpoints": null,
    "lr": 0.001,
    "reg": 0.001,
    "filters_per_layer": [
      256
    ],
    "layers_per_block": 8,
    "pool_every": 4,
    "hidden_dims": [
      1024
    ],
    "model_type": "cnn",
    "kw": {}
  },
  "results": {
    "num_epochs": 10,
    "train_loss": [
      2.303265333175659,
      2.1324939727783203,
      1.6626194715499878,
      1.3549178838729858,
      1.1067416667938232,
      0.8779356479644775,
      0.6670683026313782,
      0.45354315638542175,
      0.2959373891353607,
      0.18855026364326477
    ],
    "train_acc": [
      10.062,
      19.414,
      38.908,
      51.286,
      60.608,
      68.988,
      76.794,
      84.402,
      89.934,
      93.632
    ],
    "test_loss": [
      2.3027939796447754,
      1.7325096130371094,
      1.5293869972229004,
      1.2139719724655151,
      1.0880463123321533,
      1.074723720550537,
      1.0541256666183472,
      1.3566986322402954,
      1.368781566619873,
      1.4753549098968506
    ],
    "test_acc": [
      10.0,
      35.32,
      43.28,
      56.42,
      62.12,
      64.25,
      68.93,
      65.43,
      67.18,
      67.84
    ]
  }
}