{
  "config": {
    "run_name": "exp1_4",
    "out_dir": "./results",
    "seed": 2048667640,
    "device": null,
    "bs_train": 128,
    "bs_test": 32,
    "batches": null,
    "epochs": 100,
    "early_stopping": 3,
    "checkpoints": null,
    "lr": 0.001,
    "reg": 0.001,
    "filters_per_layer": [
      64,
      128,
      256
    ],
    "layers_per_block": 8,
    "pool_every": 13,
    "hidden_dims": [
      1024
    ],
    "model_type": "resnet",
    "kw": {}
  },
  "results": {
    "num_epochs": 11,
    "train_loss": [
      1.8047711849212646,
      1.3885869979858398,
      1.2086552381515503,
      1.0662373304367065,
      0.9301896095275879,
      0.7896996736526489,
      0.6522283554077148,
      0.5205745100975037,
      0.399698942899704,
      0.30288979411125183,
      0.2264811098575592
    ],
    "train_acc": [
      35.634,
      50.662,
      56.918,
      62.218,
      67.446,
      72.568,
      77.634,
      82.408,
      86.706,
      90.11,
      92.612
    ],
    "test_loss": [
      1.4692275524139404,
      1.3009581565856934,
      1.2265162467956543,
      1.1933585405349731,
      1.233031988143921,
      1.3316749334335327,
      1.4590731859207153,
      1.5816845893859863,
      1.8351683616638184,
      1.9568994045257568,
      1.9939600229263306
    ],
    "test_acc": [
      48.11,
      53.93,
      56.2,
      57.77,
      58.16,
      58.16,
      58.28,
      58.36,
      56.56,
      56.06,
      58.35
    ]
  }
}