{
  "config": {
    "run_name": "exp1_4",
    "out_dir": "./results",
    "seed": 1549912724,
    "device": null,
    "bs_train": 128,
    "bs_test": 32,
    "batches": null,
    "epochs": 100,
    "early_stopping": 3,
    "checkpoints": null,
    "lr": 0.001,
    "reg": 0.001,
    "filters_per_layer": [
      64,
      128,
      256
    ],
    "layers_per_block": 4,
    "pool_every": 9,
    "hidden_dims": [
      1024
    ],
    "model_type": "resnet",
    "kw": {}
  },
  "results": {
    "num_epochs": 8,
    "train_loss": [
      1.9621820449829102,
      1.3811662197113037,
      1.14327073097229,
      0.9428533911705017,
      0.7403697371482849,
      0.5028690695762634,
      0.30207833647727966,
      0.17190971970558167
    ],
    "train_acc": [
      32.062,
      50.592,
      59.262,
      66.95,
      74.094,
      82.568,
      89.636,
      94.15
    ],
    "test_loss": [
      1.6931906938552856,
      1.253246784210205,
      1.2755606174468994,
      1.1198049783706665,
      1.0974063873291016,
      1.3021327257156372,
      1.8125606775283813,
      2.071237564086914
    ],
    "test_acc": [
      40.25,
      54.96,
      55.67,
      61.59,
      65.81,
      65.1,
      64.52,
      64.69
    ]
  }
}