{
  "config": {
    "run_name": "exp1_3",
    "out_dir": "./results",
    "seed": 42342627,
    "device": null,
    "bs_train": 128,
    "bs_test": 32,
    "batches": null,
    "epochs": 100,
    "early_stopping": 3,
    "checkpoints": null,
    "lr": 0.001,
    "reg": 0.001,
    "filters_per_layer": [
      64,
      128,
      256
    ],
    "layers_per_block": 4,
    "pool_every": 6,
    "hidden_dims": [
      1024
    ],
    "model_type": "cnn",
    "kw": {}
  },
  "results": {
    "num_epochs": 4,
    "train_loss": [
      2.3029258251190186,
      2.3028547763824463,
      2.302852153778076,
      2.302852153778076
    ],
    "train_acc": [
      9.682,
      9.646,
      9.628,
      9.628
    ],
    "test_loss": [
      2.3026680946350098,
      2.3026602268218994,
      2.3026604652404785,
      2.3026599884033203
    ],
    "test_acc": [
      10.0,
      10.0,
      10.0,
      10.0
    ]
  }
}