{
  "config": {
    "run_name": "exp1_2",
    "out_dir": "./results",
    "seed": 1016870616,
    "device": null,
    "bs_train": 128,
    "bs_test": 32,
    "batches": null,
    "epochs": 100,
    "early_stopping": 3,
    "checkpoints": null,
    "lr": 0.001,
    "reg": 0.001,
    "filters_per_layer": [
      128
    ],
    "layers_per_block": 8,
    "pool_every": 4,
    "hidden_dims": [
      1024
    ],
    "model_type": "cnn",
    "kw": {}
  },
  "results": {
    "num_epochs": 10,
    "train_loss": [
      2.302537679672241,
      2.088655710220337,
      1.5716496706008911,
      1.2725191116333008,
      1.0474313497543335,
      0.8330917358398438,
      0.6221519112586975,
      0.40751296281814575,
      0.24894827604293823,
      0.16733191907405853
    ],
    "train_acc": [
      9.916,
      22.136,
      42.772,
      54.452,
      63.028,
      70.884,
      78.648,
      86.0,
      91.646,
      94.388
    ],
    "test_loss": [
      2.302720069885254,
      1.9672993421554565,
      1.4401037693023682,
      1.1966806650161743,
      1.1251693964004517,
      1.2036758661270142,
      1.2251518964767456,
      1.4496175050735474,
      1.7529984712600708,
      1.9445714950561523
    ],
    "test_acc": [
      10.0,
      30.13,
      48.04,
      57.42,
      61.52,
      63.24,
      65.25,
      64.82,
      64.74,
      64.37
    ]
  }
}