{
  "config": {
    "run_name": "exp2",
    "out_dir": "./results",
    "seed": 1928517586,
    "device": null,
    "bs_train": 128,
    "bs_test": 32,
    "batches": null,
    "epochs": 100,
    "early_stopping": 5,
    "checkpoints": null,
    "lr": 0.001,
    "reg": 0.001,
    "filters_per_layer": [
      32,
      64,
      128
    ],
    "layers_per_block": 6,
    "pool_every": 6,
    "hidden_dims": [
      1024
    ],
    "model_type": "ycn",
    "kw": {}
  },
  "results": {
    "num_epochs": 39,
    "train_loss": [
      1.820288896560669,
      1.3743212223052979,
      1.0959726572036743,
      0.9100674986839294,
      0.7827087640762329,
      0.6845410466194153,
      0.6048290133476257,
      0.5312744379043579,
      0.4770694673061371,
      0.4246523678302765,
      0.3868499994277954,
      0.33331578969955444,
      0.30700618028640747,
      0.28022125363349915,
      0.2582027316093445,
      0.23526380956172943,
      0.21994446218013763,
      0.19803199172019958,
      0.190686896443367,
      0.17978742718696594,
      0.1630837768316269,
      0.16027522087097168,
      0.15053294599056244,
      0.14912700653076172,
      0.1398652195930481,
      0.13527655601501465,
      0.12363765388727188,
      0.12360396981239319,
      0.12159687280654907,
      0.11075828224420547,
      0.10970135778188705,
      0.10690038651227951,
      0.10425983369350433,
      0.10319209098815918,
      0.09998147934675217,
      0.09741746634244919,
      0.09679878503084183,
      0.0873490571975708,
      0.09073162078857422
    ],
    "train_acc": [
      30.984,
      50.058,
      60.904,
      67.876,
      72.438,
      76.026,
      78.832,
      81.466,
      83.33,
      85.196,
      86.556,
      88.284,
      89.122,
      90.272,
      91.062,
      91.866,
      92.516,
      93.258,
      93.552,
      93.95,
      94.494,
      94.628,
      94.988,
      95.144,
      95.478,
      95.614,
      95.998,
      96.096,
      96.034,
      96.408,
      96.522,
      96.646,
      96.818,
      96.716,
      96.88,
      96.946,
      97.046,
      97.264,
      97.29
    ],
    "test_loss": [
      2.4378068447113037,
      1.4449949264526367,
      1.1000123023986816,
      1.0101525783538818,
      0.8597633242607117,
      0.857125461101532,
      0.8514508605003357,
      0.9004783034324646,
      0.8270877003669739,
      1.0217770338058472,
      1.0643982887268066,
      1.00222647190094,
      1.5326417684555054,
      0.9475361108779907,
      1.172187089920044,
      0.9876475930213928,
      1.0666924715042114,
      1.4632266759872437,
      1.0243886709213257,
      1.0209643840789795,
      1.3728315830230713,
      1.3142664432525635,
      1.123548984527588,
      1.1794286966323853,
      1.180105209350586,
      1.1450053453445435,
      1.224716067314148,
      1.2201124429702759,
      1.2327148914337158,
      1.225982666015625,
      1.2208505868911743,
      1.1935609579086304,
      1.2892526388168335,
      1.1824959516525269,
      1.5880259275436401,
      1.3390713930130005,
      1.470215082168579,
      1.712666392326355,
      1.6863818168640137
    ],
    "test_acc": [
      27.69,
      49.98,
      61.94,
      64.34,
      70.62,
      71.97,
      72.5,
      71.45,
      75.03,
      71.57,
      71.76,
      73.47,
      67.23,
      76.65,
      73.82,
      76.35,
      74.9,
      72.53,
      77.05,
      76.82,
      74.56,
      75.14,
      76.0,
      77.99,
      76.83,
      76.9,
      76.97,
      76.3,
      78.14,
      78.38,
      78.36,
      78.13,
      76.97,
      78.82,
      75.32,
      77.13,
      74.44,
      75.71,
      74.97
    ]
  }
}