{
  "config": {
    "run_name": "exp2",
    "out_dir": "./results",
    "seed": 2069121845,
    "device": null,
    "bs_train": 128,
    "bs_test": 32,
    "batches": null,
    "epochs": 100,
    "early_stopping": 5,
    "checkpoints": null,
    "lr": 0.001,
    "reg": 0.001,
    "filters_per_layer": [
      32,
      64,
      128
    ],
    "layers_per_block": 3,
    "pool_every": 5,
    "hidden_dims": [
      1024
    ],
    "model_type": "ycn",
    "kw": {}
  },
  "results": {
    "num_epochs": 27,
    "train_loss": [
      1.7727725505828857,
      1.1942218542099,
      0.8679655194282532,
      0.5719891786575317,
      0.3316994905471802,
      0.1884748637676239,
      0.12743064761161804,
      0.09418975561857224,
      0.07182123512029648,
      0.0595843568444252,
      0.053098663687705994,
      0.043298594653606415,
      0.03625690937042236,
      0.03369912877678871,
      0.028736483305692673,
      0.029771696776151657,
      0.02641063928604126,
      0.023205647245049477,
      0.022408904507756233,
      0.023578563705086708,
      0.020072177052497864,
      0.0179811492562294,
      0.018680598586797714,
      0.016017675399780273,
      0.0151722002774477,
      0.014604715630412102,
      0.011896075680851936
    ],
    "train_acc": [
      35.442,
      57.056,
      69.302,
      79.968,
      88.566,
      93.51,
      95.692,
      96.938,
      97.652,
      98.058,
      98.354,
      98.638,
      98.834,
      98.92,
      99.048,
      99.082,
      99.236,
      99.296,
      99.346,
      99.264,
      99.374,
      99.45,
      99.422,
      99.504,
      99.554,
      99.54,
      99.636
    ],
    "test_loss": [
      1.4009499549865723,
      1.0964170694351196,
      1.0787829160690308,
      1.239938497543335,
      1.9360445737838745,
      1.835903525352478,
      1.9391813278198242,
      2.0076844692230225,
      2.18918776512146,
      2.500680923461914,
      2.331754684448242,
      2.3516652584075928,
      2.453792095184326,
      2.5118749141693115,
      2.8827672004699707,
      2.8007850646972656,
      2.937696933746338,
      2.9780688285827637,
      3.1437108516693115,
      3.08459210395813,
      3.236171007156372,
      3.0475635528564453,
      3.3725574016571045,
      3.63529372215271,
      3.580486536026001,
      3.5303103923797607,
      3.4168405532836914
    ],
    "test_acc": [
      49.46,
      61.97,
      65.48,
      65.34,
      63.93,
      67.69,
      68.72,
      68.57,
      68.32,
      69.16,
      70.33,
      69.83,
      70.08,
      69.47,
      70.07,
      70.69,
      70.19,
      69.72,
      69.0,
      71.2,
      69.95,
      71.35,
      70.89,
      69.99,
      70.31,
      70.52,
      71.3
    ]
  }
}