{
  "config": {
    "run_name": "exp2",
    "out_dir": "./results",
    "seed": 457687367,
    "device": null,
    "bs_train": 128,
    "bs_test": 32,
    "batches": null,
    "epochs": 100,
    "early_stopping": 5,
    "checkpoints": null,
    "lr": 0.001,
    "reg": 0.001,
    "filters_per_layer": [
      32,
      64,
      128
    ],
    "layers_per_block": 12,
    "pool_every": 12,
    "hidden_dims": [
      1024
    ],
    "model_type": "ycn",
    "kw": {}
  },
  "results": {
    "num_epochs": 29,
    "train_loss": [
      1.9020235538482666,
      1.5602587461471558,
      1.3430321216583252,
      1.1465407609939575,
      0.9974492192268372,
      0.8742817640304565,
      0.7833418846130371,
      0.6999388933181763,
      0.6262362599372864,
      0.5658804178237915,
      0.5114368200302124,
      0.45622017979621887,
      0.4095192551612854,
      0.3709222674369812,
      0.33664241433143616,
      0.3060011863708496,
      0.2746029794216156,
      0.25746864080429077,
      0.23244217038154602,
      0.21772809326648712,
      0.2013196051120758,
      0.19120927155017853,
      0.18078801035881042,
      0.16330501437187195,
      0.1660671830177307,
      0.1496870070695877,
      0.150182843208313,
      0.14016082882881165,
      0.13424374163150787
    ],
    "train_acc": [
      28.384,
      42.622,
      51.054,
      59.066,
      64.69,
      69.15,
      72.704,
      75.646,
      78.21,
      80.278,
      82.216,
      84.084,
      85.772,
      86.958,
      88.148,
      89.434,
      90.33,
      91.054,
      92.04,
      92.438,
      93.214,
      93.418,
      93.872,
      94.536,
      94.414,
      94.95,
      94.996,
      95.3,
      95.448
    ],
    "test_loss": [
      2.3224706649780273,
      1.486451506614685,
      1.4231324195861816,
      1.0799968242645264,
      1.063068151473999,
      0.9731379151344299,
      0.8696885704994202,
      0.9197872281074524,
      1.050520658493042,
      0.8830922245979309,
      1.0675796270370483,
      1.0837410688400269,
      0.9503867030143738,
      1.0451534986495972,
      1.0016199350357056,
      1.160983681678772,
      1.0538477897644043,
      1.1289182901382446,
      1.1909501552581787,
      1.248811960220337,
      1.400691032409668,
      1.2998138666152954,
      1.4988142251968384,
      1.1584200859069824,
      1.3043758869171143,
      1.3347314596176147,
      1.2578555345535278,
      1.3601279258728027,
      1.3526972532272339
    ],
    "test_acc": [
      23.32,
      45.92,
      52.98,
      60.97,
      63.36,
      67.55,
      70.38,
      69.53,
      67.68,
      71.05,
      66.8,
      69.57,
      72.27,
      71.64,
      72.3,
      70.36,
      73.2,
      73.1,
      72.74,
      72.77,
      71.57,
      73.28,
      70.34,
      75.54,
      73.83,
      74.37,
      74.32,
      74.44,
      74.94
    ]
  }
}