{
  "config": {
    "run_name": "exp2",
    "out_dir": "./results",
    "seed": 608782023,
    "device": null,
    "bs_train": 128,
    "bs_test": 32,
    "batches": null,
    "epochs": 100,
    "early_stopping": 5,
    "checkpoints": null,
    "lr": 0.001,
    "reg": 0.001,
    "filters_per_layer": [
      32,
      64,
      128
    ],
    "layers_per_block": 9,
    "pool_every": 9,
    "hidden_dims": [
      1024
    ],
    "model_type": "ycn",
    "kw": {}
  },
  "results": {
    "num_epochs": 16,
    "train_loss": [
      1.861262559890747,
      1.420870065689087,
      1.172579288482666,
      1.0000085830688477,
      0.8713334202766418,
      0.7668335437774658,
      0.6888323426246643,
      0.6050484776496887,
      0.5462302565574646,
      0.48726511001586914,
      0.4377919137477875,
      0.3870833218097687,
      0.3478560149669647,
      0.308357834815979,
      0.2814912497997284,
      0.2610930800437927
    ],
    "train_acc": [
      30.556,
      48.258,
      58.15,
      64.69,
      69.332,
      72.88,
      75.69,
      78.692,
      80.698,
      83.054,
      84.77,
      86.274,
      87.918,
      89.162,
      90.182,
      90.804
    ],
    "test_loss": [
      3.012098789215088,
      1.248963475227356,
      1.4241281747817993,
      0.9292536973953247,
      0.9357467293739319,
      0.8568874001502991,
      0.9474464654922485,
      1.1732028722763062,
      0.8309241533279419,
      0.8242954015731812,
      0.8332571983337402,
      0.928394079208374,
      1.0310344696044922,
      1.1088500022888184,
      1.0620973110198975,
      1.0201424360275269
    ],
    "test_acc": [
      38.34,
      54.94,
      49.9,
      66.83,
      67.35,
      71.02,
      68.79,
      65.59,
      73.9,
      74.01,
      74.34,
      73.54,
      72.95,
      71.74,
      72.76,
      73.89
    ]
  }
}