{
  "config": {
    "run_name": "exp2",
    "out_dir": "./results",
    "seed": 1321408371,
    "device": null,
    "bs_train": 128,
    "bs_test": 32,
    "batches": null,
    "epochs": 100,
    "early_stopping": 5,
    "checkpoints": null,
    "lr": 0.001,
    "reg": 0.001,
    "filters_per_layer": [
      32,
      64,
      128
    ],
    "layers_per_block": 5,
    "pool_every": 5,
    "hidden_dims": [
      1024
    ],
    "model_type": "ycn",
    "kw": {}
  },
  "results": {
    "num_epochs": 36,
    "train_loss": [
      1.8035571575164795,
      1.310808777809143,
      0.9979742765426636,
      0.819733738899231,
      0.7029630541801453,
      0.6121566295623779,
      0.5339173078536987,
      0.47120821475982666,
      0.41890770196914673,
      0.3731405436992645,
      0.3267897069454193,
      0.3022522032260895,
      0.26685407757759094,
      0.2441190630197525,
      0.22966085374355316,
      0.2089482545852661,
      0.19319504499435425,
      0.18294738233089447,
      0.17403437197208405,
      0.16146895289421082,
      0.15106211602687836,
      0.14887374639511108,
      0.14007674157619476,
      0.13768747448921204,
      0.1265035718679428,
      0.13012129068374634,
      0.1257501244544983,
      0.12017828971147537,
      0.11278115212917328,
      0.11478786170482635,
      0.10946767777204514,
      0.10870254039764404,
      0.10661370307207108,
      0.10223404318094254,
      0.09479783475399017,
      0.10243278741836548
    ],
    "train_acc": [
      32.546,
      52.608,
      64.71,
      71.162,
      75.268,
      78.304,
      81.228,
      83.546,
      85.146,
      86.906,
      88.622,
      89.308,
      90.904,
      91.606,
      92.11,
      92.902,
      93.432,
      93.754,
      94.096,
      94.636,
      95.012,
      95.164,
      95.442,
      95.676,
      95.958,
      95.894,
      96.136,
      96.232,
      96.388,
      96.522,
      96.61,
      96.636,
      96.714,
      96.94,
      97.118,
      96.874
    ],
    "test_loss": [
      1.755709171295166,
      1.1187329292297363,
      1.3159410953521729,
      0.9664196372032166,
      0.8960369229316711,
      0.7901949882507324,
      0.8148553371429443,
      0.8892581462860107,
      0.8789053559303284,
      0.846763551235199,
      1.045210838317871,
      1.0292446613311768,
      0.9594202041625977,
      1.1114548444747925,
      0.9859783053398132,
      0.9502560496330261,
      0.9790535569190979,
      1.1427702903747559,
      1.2677571773529053,
      1.0544657707214355,
      1.1525219678878784,
      0.9432138204574585,
      1.0565574169158936,
      0.9820030927658081,
      1.1248143911361694,
      1.0802239179611206,
      1.1431233882904053,
      1.17231023311615,
      1.1771717071533203,
      1.2135242223739624,
      1.2353880405426025,
      1.1558797359466553,
      1.327608585357666,
      1.1708271503448486,
      1.3769062757492065,
      1.2330986261367798
    ],
    "test_acc": [
      38.77,
      60.33,
      58.45,
      68.41,
      70.08,
      73.77,
      73.91,
      72.99,
      74.9,
      75.56,
      73.9,
      74.56,
      76.65,
      74.64,
      77.96,
      77.34,
      78.09,
      75.44,
      74.8,
      78.89,
      77.33,
      79.66,
      78.47,
      79.48,
      78.47,
      79.72,
      77.86,
      77.95,
      77.17,
      79.04,
      80.29,
      78.92,
      77.77,
      79.0,
      79.18,
      79.77
    ]
  }
}