{
  "config": {
    "run_name": "exp1_1",
    "out_dir": "./results",
    "seed": 471065155,
    "device": null,
    "bs_train": 128,
    "bs_test": 32,
    "batches": 50,
    "epochs": 100,
    "early_stopping": 3,
    "checkpoints": null,
    "lr": 0.001,
    "reg": 0.001,
    "filters_per_layer": [
      64
    ],
    "layers_per_block": 16,
    "pool_every": 9,
    "hidden_dims": [
      100
    ],
    "model_type": "cnn",
    "kw": {}
  },
  "results": {
    "num_epochs": 100,
    "train_loss": [
      2.3031911849975586,
      2.302884578704834,
      2.302872657775879,
      2.3028621673583984,
      2.302856683731079,
      2.302854061126709,
      2.302852153778076,
      2.302851915359497,
      2.302851915359497,
      2.302851915359497,
      2.302851915359497,
      2.302851915359497,
      2.302851915359497,
      2.302851915359497,
      2.302851915359497,
      2.302851915359497,
      2.302851915359497,
      2.302851915359497,
      2.302851915359497,
      2.302851915359497,
      2.302851915359497,
      2.302852153778076,
      2.302851915359497,
      2.302852153778076,
      2.302851915359497,
      2.302851915359497,
      2.302851915359497,
      2.302851915359497,
      2.302851915359497,
      2.302851915359497,
      2.302851915359497,
      2.302851915359497,
      2.302851915359497,
      2.302851915359497,
      2.302851915359497,
      2.302851915359497,
      2.302851915359497,
      2.302851915359497,
      2.302851915359497,
      2.302851915359497,
      2.302851915359497,
      2.302852153778076,
      2.302851915359497,
      2.302852153778076,
      2.302852153778076,
      2.302852153778076,
      2.302852153778076,
      2.302852153778076,
      2.302852153778076,
      2.302851915359497,
      2.302851915359497,
      2.302852153778076,
      2.302851915359497,
      2.302851915359497,
      2.302852153778076,
      2.302852153778076,
      2.302852153778076,
      2.302852153778076,
      2.302852153778076,
      2.302852153778076,
      2.302851915359497,
      2.302852153778076,
      2.302852153778076,
      2.302852153778076,
      2.302852153778076,
      2.302852153778076,
      2.302852153778076,
      2.302851915359497,
      2.302852153778076,
      2.302852153778076,
      2.302852153778076,
      2.302852153778076,
      2.302852153778076,
      2.302852153778076,
      2.302851915359497,
      2.302852153778076,
      2.302852153778076,
      2.302852153778076,
      2.302852153778076,
      2.302852153778076,
      2.302852153778076,
      2.302851915359497,
      2.302852153778076,
      2.302852153778076,
      2.302852153778076,
      2.302852153778076,
      2.302852153778076,
      2.302852153778076,
      2.302851915359497,
      2.302852153778076,
      2.302851915359497,
      2.302851915359497,
      2.302851915359497,
      2.302852153778076,
      2.302852153778076,
      2.302852153778076,
      2.302851915359497,
      2.302851915359497,
      2.302852153778076,
      2.302852153778076
    ],
    "train_acc": [
      9.644,
      9.69,
      9.71,
      9.682,
      9.634,
      9.646,
      9.628,
      9.628,
      9.628,
      9.628,
      9.628,
      9.628,
      9.628,
      9.628,
      9.628,
      9.628,
      9.628,
      9.628,
      9.628,
      9.628,
      9.628,
      9.628,
      9.628,
      9.628,
      9.628,
      9.628,
      9.628,
      9.628,
      9.628,
      9.628,
      9.628,
      9.628,
      9.628,
      9.628,
      9.628,
      9.628,
      9.628,
      9.628,
      9.628,
      9.628,
      9.628,
      9.628,
      9.628,
      9.628,
      9.628,
      9.628,
      9.628,
      9.628,
      9.628,
      9.628,
      9.628,
      9.628,
      9.628,
      9.628,
      9.628,
      9.628,
      9.628,
      9.628,
      9.628,
      9.628,
      9.628,
      9.628,
      9.628,
      9.628,
      9.628,
      9.628,
      9.628,
      9.628,
      9.628,
      9.628,
      9.628,
      9.628,
      9.628,
      9.628,
      9.628,
      9.628,
      9.628,
      9.628,
      9.628,
      9.628,
      9.628,
      9.628,
      9.628,
      9.628,
      9.628,
      9.628,
      9.628,
      9.628,
      9.628,
      9.628,
      9.628,
      9.628,
      9.628,
      9.628,
      9.628,
      9.628,
      9.628,
      9.628,
      9.628,
      9.628
    ],
    "test_loss": [
      2.302713632583618,
      2.302704334259033,
      2.302687644958496,
      2.302668571472168,
      2.3026678562164307,
      2.3026599884033203,
      2.3026599884033203,
      2.3026599884033203,
      2.3026599884033203,
      2.3026599884033203,
      2.3026599884033203,
      2.3026599884033203,
      2.3026599884033203,
      2.3026599884033203,
      2.3026599884033203,
      2.3026599884033203,
      2.3026599884033203,
      2.3026599884033203,
      2.3026599884033203,
      2.3026599884033203,
      2.3026599884033203,
      2.3026599884033203,
      2.3026599884033203,
      2.3026599884033203,
      2.3026599884033203,
      2.3026599884033203,
      2.3026599884033203,
      2.3026599884033203,
      2.3026599884033203,
      2.3026599884033203,
      2.3026599884033203,
      2.3026599884033203,
      2.3026599884033203,
      2.3026599884033203,
      2.3026599884033203,
      2.3026599884033203,
      2.3026599884033203,
      2.3026599884033203,
      2.3026599884033203,
      2.3026599884033203,
      2.3026599884033203,
      2.3026599884033203,
      2.3026599884033203,
      2.3026599884033203,
      2.3026599884033203,
      2.3026599884033203,
      2.3026599884033203,
      2.3026599884033203,
      2.3026599884033203,
      2.3026599884033203,
      2.3026599884033203,
      2.3026599884033203,
      2.3026599884033203,
      2.3026599884033203,
      2.3026599884033203,
      2.3026599884033203,
      2.3026599884033203,
      2.3026599884033203,
      2.3026599884033203,
      2.3026599884033203,
      2.3026599884033203,
      2.3026599884033203,
      2.3026599884033203,
      2.3026599884033203,
      2.3026599884033203,
      2.3026599884033203,
      2.3026599884033203,
      2.3026599884033203,
      2.3026599884033203,
      2.3026599884033203,
      2.3026599884033203,
      2.3026599884033203,
      2.3026599884033203,
      2.3026599884033203,
      2.3026599884033203,
      2.3026599884033203,
      2.3026599884033203,
      2.3026599884033203,
      2.3026599884033203,
      2.3026599884033203,
      2.3026599884033203,
      2.3026599884033203,
      2.3026599884033203,
      2.3026599884033203,
      2.3026599884033203,
      2.3026599884033203,
      2.3026599884033203,
      2.3026599884033203,
      2.3026599884033203,
      2.3026599884033203,
      2.3026599884033203,
      2.3026599884033203,
      2.3026599884033203,
      2.3026599884033203,
      2.3026599884033203,
      2.3026599884033203,
      2.3026599884033203,
      2.3026599884033203,
      2.3026599884033203,
      2.3026599884033203
    ],