{
  "config": {
    "run_name": "exp1_1",
    "out_dir": "./results",
    "seed": 482693573,
    "device": null,
    "bs_train": 128,
    "bs_test": 32,
    "batches": 50,
    "epochs": 100,
    "early_stopping": 3,
    "checkpoints": null,
    "lr": 0.001,
    "reg": 0.001,
    "filters_per_layer": [
      32
    ],
    "layers_per_block": 8,
    "pool_every": 5,
    "hidden_dims": [
      100
    ],
    "model_type": "cnn",
    "kw": {}
  },
  "results": {
    "num_epochs": 48,
    "train_loss": [
      2.2747573852539062,
      1.8809561729431152,
      1.5632799863815308,
      1.321851134300232,
      1.1284432411193848,
      0.9687473177909851,
      0.8222676515579224,
      0.6802794933319092,
      0.550032913684845,
      0.42382362484931946,
      0.3208053410053253,
      0.25426235795021057,
      0.20582379400730133,
      0.17594866454601288,
      0.15259894728660583,
      0.1340818554162979,
      0.12546856701374054,
      0.11384116113185883,
      0.09934546053409576,
      0.09577422589063644,
      0.08683982491493225,
      0.08181343227624893,
      0.07999420911073685,
      0.07463020831346512,
      0.06662977486848831,
      0.07012785971164703,
      0.0675874724984169,
      0.06355780363082886,
      0.06719731539487839,
      0.05925154685974121,
      0.055297981947660446,
      0.057309579104185104,
      0.05935542657971382,
      0.05350984260439873,
      0.06094915419816971,
      0.05220303311944008,
      0.05012980476021767,
      0.05532412976026535,
      0.048934340476989746,
      0.04419189691543579,
      0.04647684097290039,
      0.04454338178038597,
      0.04472469165921211,
      0.04726533964276314,
      0.04556490480899811,
      0.0485023595392704,
      0.04153892770409584,
      0.04272540286183357
    ],
    "train_acc": [
      12.114,
      31.602,
      43.7,
      52.616,
      60.196,
      66.08,
      71.474,
      76.494,
      81.078,
      85.41,
      88.902,
      91.24,
      93.154,
      94.154,
      94.952,
      95.684,
      95.826,
      96.332,
      96.832,
      96.92,
      97.218,
      97.372,
      97.518,
      97.64,
      97.968,
      97.83,
      97.974,
      98.108,
      97.946,
      98.234,
      98.342,
      98.296,
      98.236,
      98.452,
      98.262,
      98.406,
      98.498,
      98.428,
      98.59,
      98.774,
      98.758,
      98.756,
      98.726,
      98.688,
      98.79,
      98.744,
      98.794,
      98.832
    ],
    "test_loss": [
      2.0136098861694336,
      1.6149734258651733,
      1.4496362209320068,
      1.2480270862579346,
      1.1463061571121216,
      1.173317313194275,
      1.0473790168762207,
      1.2340309619903564,
      1.353212833404541,
      1.5159469842910767,
      1.8993563652038574,
      2.0100820064544678,
      2.138956069946289,
      2.217061996459961,
      2.518707275390625,
      2.2357990741729736,
      2.900073528289795,
      2.5386834144592285,
      3.0180583000183105,
      2.7355010509490967,
      3.2418389320373535,
      3.110469102859497,
      3.036748170852661,
      3.5002925395965576,
      3.414761781692505,
      3.169954538345337,
      3.4339616298675537,
      3.5798046588897705,
      3.5257880687713623,
      3.58475661277771,
      4.104877471923828,
      4.410080432891846,
      3.7304232120513916,
      4.297418117523193,
      3.8634469509124756,
      4.339094161987305,
      4.063704490661621,
      4.471993446350098,
      4.25986385345459,
      4.550488471984863,
      4.457388401031494,
      4.593149662017822,
      4.562272071838379,
      4.7998785972595215,
      4.500620365142822,
      4.643549919128418,
      4.62755012512207,
      5.2064948081970215
    ],
    "test_acc": [
      27.51,
      41.72,
      48.59,
      55.57,
      60.18,
      60.12,
      64.11,
      63.88,
      64.29,
      64.1,
      63.15,
      64.05,
      63.44,
      63.6,
      63.33,
      64.05,
      62.54,
      64.12,
      64.49,
      64.45,
      63.69,
      64.25,
      63.95,
      63.63,
      64.47,
      64.66,
      65.24,
      64.38,
      62.93,
      64.07,
      63.3,
      61.62,
      64.9,
      63.69,
      64.48,
      63.67,
      63.64,
      63.99,
      64.71,
      63.66,
      63.51,
      64.07,
      64.47,
      64.54,
      64.74,
      64.69,
      63.91,
      63.6
    ]
  }
}