{
  "config": {
    "run_name": "exp1_4",
    "out_dir": "./results",
    "seed": 1311128208,
    "device": null,
    "bs_train": 128,
    "bs_test": 32,
    "batches": 500,
    "epochs": 100,
    "early_stopping": 3,
    "checkpoints": null,
    "lr": 0.001,
    "reg": 0.001,
    "filters_per_layer": [
      32
    ],
    "layers_per_block": 16,
    "pool_every": 9,
    "hidden_dims": [
      100
    ],
    "model_type": "resnet",
    "kw": {}
  },
  "results": {
    "num_epochs": 17,
    "train_loss": [
      1.8474599123001099,
      1.5367075204849243,
      1.4249231815338135,
      1.3530068397521973,
      1.2991690635681152,
      1.2543359994888306,
      1.2155801057815552,
      1.1799148321151733,
      1.14828622341156,
      1.1165056228637695,
      1.0889776945114136,
      1.0590527057647705,
      1.0305863618850708,
      1.0021108388900757,
      0.9742394685745239,
      0.9461562037467957,
      0.9203516840934753
    ],
    "train_acc": [
      33.484,
      45.42,
      49.542,
      52.278,
      54.3,
      56.012,
      57.346,
      58.608,
      59.856,
      60.96,
      62.042,
      63.154,
      64.132,
      65.158,
      66.158,
      67.346,
      68.262
    ],
    "test_loss": [
      1.584364414215088,
      1.4356415271759033,
      1.3726056814193726,
      1.3513715267181396,
      1.3242155313491821,
      1.310441255569458,
      1.2992384433746338,
      1.2956575155258179,
      1.2833870649337769,
      1.2763422727584839,
      1.3028593063354492,
      1.3039746284484863,
      1.3317686319351196,
      1.3258007764816284,
      1.3692971467971802,
      1.387863278388977,
      1.4102752208709717
    ],
    "test_acc": [
      44.48,
      49.01,
      51.2,
      52.11,
      53.0,
      53.86,
      54.39,
      54.62,
      55.06,
      55.58,
      54.84,
      55.38,
      55.3,
      55.79,
      55.02,
      54.98,
      54.56
    ]
  }
}