{
  "config": {
    "run_name": "exp1_1",
    "out_dir": "./results",
    "seed": 840008431,
    "device": null,
    "bs_train": 128,
    "bs_test": 32,
    "batches": 50,
    "epochs": 100,
    "early_stopping": 3,
    "checkpoints": null,
    "lr": 0.001,
    "reg": 0.001,
    "filters_per_layer": [
      64
    ],
    "layers_per_block": 4,
    "pool_every": 3,
    "hidden_dims": [
      100
    ],
    "model_type": "cnn",
    "kw": {}
  },
  "results": {
    "num_epochs": 18,
    "train_loss": [
      1.9003019332885742,
      1.3967218399047852,
      1.1193969249725342,
      0.8909433484077454,
      0.697401762008667,
      0.5260113477706909,
      0.36486008763313293,
      0.24497203528881073,
      0.16728605329990387,
      0.12843504548072815,
      0.1030893549323082,
      0.08070051670074463,
      0.07044968754053116,
      0.06474050134420395,
      0.061717163771390915,
      0.05700930580496788,
      0.0490582101047039,
      0.04663239046931267
    ],
    "train_acc": [
      30.762,
      50.042,
      60.442,
      68.902,
      75.774,
      81.768,
      87.368,
      91.602,
      94.258,
      95.666,
      96.604,
      97.38,
      97.72,
      97.974,
      98.094,
      98.208,
      98.45,
      98.514
    ],
    "test_loss": [
      1.49533212184906,
      1.237142562866211,
      1.098048448562622,
      1.0381247997283936,
      1.1523326635360718,
      1.296034574508667,
      1.4677612781524658,
      1.8372182846069336,
      2.1143810749053955,
      2.17944073677063,
      2.3404409885406494,
      2.668776750564575,
      2.845036029815674,
      3.020689010620117,
      3.079760789871216,
      2.86370849609375,
      3.5393128395080566,
      3.354246139526367
    ],
    "test_acc": [
      45.77,
      56.03,
      60.67,
      65.3,
      64.87,
      66.88,
      67.23,
      66.08,
      67.56,
      67.82,
      67.49,
      68.27,
      67.6,
      66.87,
      68.03,
      68.01,
      67.32,
      66.63
    ]
  }
}