{
  "config": {
    "run_name": "exp1_2",
    "out_dir": "./results",
    "seed": 503171174,
    "device": null,
    "bs_train": 128,
    "bs_test": 32,
    "batches": 500,
    "epochs": 100,
    "early_stopping": 3,
    "checkpoints": null,
    "lr": 0.001,
    "reg": 0.001,
    "filters_per_layer": [
      128
    ],
    "layers_per_block": 4,
    "pool_every": 3,
    "hidden_dims": [
      100
    ],
    "model_type": "cnn",
    "kw": {}
  },
  "results": {
    "num_epochs": 62,
    "train_loss": [
      1.9654749631881714,
      1.4481755495071411,
      1.182766318321228,
      0.9498972296714783,
      0.761698842048645,
      0.5934226512908936,
      0.4395467936992645,
      0.30699050426483154,
      0.20892763137817383,
      0.1547243297100067,
      0.12292151898145676,
      0.09486575424671173,
      0.0814884677529335,
      0.07148870825767517,
      0.06776098161935806,
      0.05581081286072731,
      0.053337398916482925,
      0.04966307058930397,
      0.04990081489086151,
      0.04015156999230385,
      0.04306310415267944,
      0.048904649913311005,
      0.05185319855809212,
      0.044997118413448334,
      0.040543314069509506,
      0.03412630781531334,
      0.029683386906981468,
      0.03320597857236862,
      0.028695279732346535,
      0.04104007035493851,
      0.029090259224176407,
      0.030596978962421417,
      0.02415613830089569,
      0.03513883054256439,
      0.030164677649736404,
      0.02919708751142025,
      0.0281264316290617,
      0.030864911153912544,
      0.03498122841119766,
      0.03571932390332222,
      0.02912081778049469,
      0.03728305920958519,
      0.04134460538625717,
      0.03709343448281288,
      0.035908885300159454,
      0.03425143286585808,
      0.03203476592898369,
      0.02537963166832924,
      0.028404600918293,
      0.02846454828977585,
      0.03182420879602432,
      0.04223174229264259,
      0.030367014929652214,
      0.030295701697468758,
      0.033317286521196365,
      0.03631593659520149,
      0.03559314087033272,
      0.02624027617275715,
      0.027399877086281776,
      0.02928161434829235,
      0.025390924885869026,
      0.026646718382835388
    ],
    "train_acc": [
      28.118,
      48.15,
      58.216,
      66.71,
      73.514,
      79.39,
      84.826,
      89.458,
      92.83,
      94.754,
      95.934,
      96.782,
      97.41,
      97.71,
      97.986,
      98.312,
      98.396,
      98.494,
      98.542,
      98.816,
      98.806,
      98.656,
      98.594,
      98.748,
      98.874,
      99.092,
      99.154,
      99.148,
      99.256,
      98.982,
      99.26,
      99.25,
      99.34,
      99.182,
      99.29,
      99.31,
      99.344,
      99.354,
      99.254,
      99.24,
      99.378,
      99.2,
      99.114,
      99.204,
      99.296,
      99.274,
      99.342,
      99.438,
      99.446,
      99.442,
      99.37,
      99.276,
      99.434,
      99.408,
      99.422,
      99.326,
      99.39,
      99.526,
      99.492,
      99.528,
      99.562,
      99.532
    ],
    "test_loss": [
      1.6053375005722046,
      1.3544334173202515,
      1.059936761856079,
      0.975235104560852,
      0.9415835738182068,
      0.9984971284866333,
      1.221144437789917,
      1.360410213470459,
      1.6529722213745117,
      1.7841607332229614,
      2.0878169536590576,
      2.269286870956421,
      2.695488214492798,
      2.895134687423706,
      2.7289562225341797,
      2.900090456008911,
      3.387676954269409,
      3.106210947036743,
      2.8968141078948975,
      3.729841947555542,
      3.7539865970611572,
      3.446847915649414,
      3.290973424911499,
      3.9653916358947754,
      4.1158013343811035,
      4.270846366882324,
      4.6307373046875,
      4.434373378753662,
      4.412967205047607,
      3.8110504150390625,
      4.391234874725342,
      4.43597412109375,
      5.195596218109131,
      5.047550678253174,
      5.2191925048828125,
      5.001955986022949,
      5.3971734046936035,
      5.4337286949157715,
      6.129922866821289,
      5.697373390197754,
      5.8340067863464355,
      5.788398742675781,
      5.171209812164307,
      5.38082218170166,
      5.775976181030273,
      5.962766647338867,
      5.86215353012085,
      6.0980658531188965,
      6.954068660736084,
      6.598300457000732,
      7.703539848327637,
      6.251069068908691,
      6.481189727783203,
      7.2108659744262695,
      7.700535297393799,
      6.850317478179932,
      6.872803688049316,
      6.740530967712402,
      7.601347923278809,
      7.801253795623779,
      7.98220682144165,
      7.911882400512695
    ],
    "test_acc": [
      41.86,
      51.84,
      62.79,
      66.11,
      67.93,
      69.22,
      68.56,
      67.72,
      68.6,
      67.27,
      68.55,
      67.22,
      65.43,
      68.35,
      68.82,
      67.97,
      67.92,
      68.58,
      68.98,
      69.6,
      68.48,
      68.53,
      68.52,
      69.02,
      67.5,
      68.27,
      67.75,
      69.81,
      69.06,
      68.37,
      69.05,
      69.75,
      68.22,
      69.03,
      69.4,
      69.43,
      68.71,
      68.95,
      68.39,
      68.61,
      69.46,
      69.06,
      69.49,
      69.57,
      68.47,
      68.77,
      69.59,
      69.36,
      68.07,
      69.56,
      68.99,
      68.04,
      68.93,
      68.66,
      68.4,
      69.0,
      68.6,
      68.71,
      70.03,
      69.22,
      68.83,
      68.15
    ]
  }
}