{
  "config": {
    "run_name": "exp1_4",
    "out_dir": "./results",
    "seed": 1625649602,
    "device": null,
    "bs_train": 128,
    "bs_test": 32,
    "batches": 500,
    "epochs": 100,
    "early_stopping": 3,
    "checkpoints": null,
    "lr": 0.001,
    "reg": 0.001,
    "filters_per_layer": [
      64,
      128,
      256
    ],
    "layers_per_block": 2,
    "pool_every": 2,
    "hidden_dims": [
      100
    ],
    "model_type": "resnet",
    "kw": {}
  },
  "results": {
    "num_epochs": 29,
    "train_loss": [
      1.9362199306488037,
      1.4077593088150024,
      1.1117281913757324,
      0.876606822013855,
      0.6908342838287354,
      0.5463055372238159,
      0.4249415099620819,
      0.32397040724754333,
      0.2581527829170227,
      0.21288269758224487,
      0.17709331214427948,
      0.15839746594429016,
      0.1430608332157135,
      0.1302051544189453,
      0.11796465516090393,
      0.11079762876033783,
      0.10487359762191772,
      0.09743376076221466,
      0.09294749051332474,
      0.08249913901090622,
      0.0842842161655426,
      0.07926096767187119,
      0.08859788626432419,
      0.08369703590869904,
      0.07279931753873825,
      0.07052444666624069,
      0.07143852114677429,
      0.06456946581602097,
      0.06524314731359482
    ],
    "train_acc": [
      29.932,
      49.716,
      60.66,
      69.236,
      75.798,
      80.81,
      85.148,
      88.51,
      90.934,
      92.602,
      93.87,
      94.612,
      95.226,
      95.686,
      96.15,
      96.43,
      96.576,
      96.888,
      97.152,
      97.436,
      97.396,
      97.564,
      97.322,
      97.486,
      97.84,
      97.922,
      98.04,
      98.104,
      98.16
    ],
    "test_loss": [
      1.5462530851364136,
      1.2534281015396118,
      0.9851922392845154,
      0.9048411250114441,
      0.8785026669502258,
      0.888411819934845,
      0.917404055595398,
      1.0718798637390137,
      1.0706522464752197,
      1.3273744583129883,
      1.2306950092315674,
      1.3531798124313354,
      1.5198688507080078,
      1.487183928489685,
      1.4171947240829468,
      1.6146270036697388,
      1.5219557285308838,
      1.7606446743011475,
      1.587942361831665,
      1.7372593879699707,
      1.9999327659606934,
      2.028914213180542,
      1.910977840423584,
      2.143362045288086,
      2.2327449321746826,
      1.9038267135620117,
      2.128800868988037,
      2.3854079246520996,
      2.2942094802856445
    ],
    "test_acc": [
      43.97,
      54.49,
      65.22,
      69.54,
      71.5,
      73.28,
      73.55,
      73.41,
      73.83,
      71.58,
      75.2,
      74.85,
      73.82,
      74.64,
      76.1,
      74.75,
      76.53,
      75.14,
      75.23,
      75.25,
      74.79,
      72.84,
      76.15,
      73.73,
      73.07,
      76.29,
      75.61,
      75.1,
      75.03
    ]
  }
}