{
  "config": {
    "run_name": "exp1_1",
    "out_dir": "./results",
    "seed": 1964945456,
    "device": null,
    "bs_train": 128,
    "bs_test": 32,
    "batches": 50,
    "epochs": 100,
    "early_stopping": 3,
    "checkpoints": null,
    "lr": 0.001,
    "reg": 0.001,
    "filters_per_layer": [
      64
    ],
    "layers_per_block": 2,
    "pool_every": 2,
    "hidden_dims": [
      100
    ],
    "model_type": "cnn",
    "kw": {}
  },
  "results": {
    "num_epochs": 66,
    "train_loss": [
      1.704860806465149,
      1.2005901336669922,
      0.9863719940185547,
      0.8283594846725464,
      0.6917267441749573,
      0.572196364402771,
      0.4384191930294037,
      0.3360573351383209,
      0.23536689579486847,
      0.17132818698883057,
      0.1185258999466896,
      0.09738332033157349,
      0.0813726931810379,
      0.06269155442714691,
      0.05438314005732536,
      0.04702882841229439,
      0.037680353969335556,
      0.03628327697515488,
      0.032440803945064545,
      0.027680128812789917,
      0.027684984728693962,
      0.023847609758377075,
      0.02590194344520569,
      0.022798914462327957,
      0.02095780335366726,
      0.023348845541477203,
      0.022985855117440224,
      0.01619461178779602,
      0.01852678507566452,
      0.02060936577618122,
      0.0193343348801136,
      0.013868086971342564,
      0.017408499494194984,
      0.016443096101284027,
      0.016686035320162773,
      0.015142303891479969,
      0.01152423582971096,
      0.009723284281790257,
      0.017525052651762962,
      0.014520219527184963,
      0.015147209167480469,
      0.015011700801551342,
      0.015686683356761932,
      0.012722796760499477,
      0.020406750962138176,
      0.015584702603518963,
      0.017580587416887283,
      0.009887048974633217,
      0.01015408057719469,
      0.011309947818517685,
      0.012230722233653069,
      0.01164376363158226,
      0.01060805469751358,
      0.01411130465567112,
      0.015423230826854706,
      0.007362541276961565,
      0.008004688657820225,
      0.010407290421426296,
      0.011892741546034813,
      0.010356762446463108,
      0.00883270800113678,
      0.009947319515049458,
      0.011367641389369965,
      0.015665486454963684,
      0.012689176015555859,
      0.01041390746831894
    ],
    "train_acc": [
      38.536,
      57.312,
      65.35,
      71.174,
      75.92,
      80.192,
      84.858,
      88.484,
      92.05,
      94.182,
      95.896,
      96.69,
      97.224,
      97.88,
      98.164,
      98.404,
      98.806,
      98.826,
      98.918,
      99.132,
      99.102,
      99.162,
      99.138,
      99.294,
      99.33,
      99.268,
      99.282,
      99.472,
      99.426,
      99.346,
      99.396,
      99.544,
      99.482,
      99.522,
      99.508,
      99.542,
      99.672,
      99.732,
      99.492,
      99.6,
      99.598,
      99.57,
      99.56,
      99.652,
      99.434,
      99.53,
      99.566,
      99.722,
      99.716,
      99.66,
      99.688,
      99.638,
      99.72,
      99.634,
      99.596,
      99.794,
      99.782,
      99.728,
      99.706,
      99.71,
      99.782,
      99.716,
      99.728,
      99.6,
      99.656,
      99.696
    ],
    "test_loss": [
      1.365739107131958,
      1.1662466526031494,
      1.0455172061920166,
      1.0162630081176758,
      1.070770502090454,
      1.1286097764968872,
      1.4780374765396118,
      1.5165252685546875,
      1.744784951210022,
      2.0579373836517334,
      2.1565775871276855,
      2.211932897567749,
      2.5031673908233643,
      2.6690733432769775,
      2.836347818374634,
      2.974260091781616,
      3.11881685256958,
      3.3366878032684326,
      3.393707513809204,
      3.625128746032715,
      3.554626703262329,
      3.732633352279663,
      3.608868360519409,
      3.8966524600982666,
      3.8927738666534424,
      4.44837760925293,
      4.18609619140625,
      4.315169334411621,
      4.536894798278809,
      4.2728590965271,
      4.504338264465332,
      4.713554382324219,
      4.770806312561035,
      4.9256591796875,
      4.888885974884033,
      5.055706024169922,
      4.805271148681641,
      5.157078266143799,
      5.108577251434326,
      5.413228988647461,
      5.5582051277160645,
      5.282865047454834,
      5.6743950843811035,
      5.621926784515381,
      5.784170627593994,
      5.654587745666504,
      5.997180461883545,
      5.627909183502197,
      5.878616809844971,
      5.952284336090088,
      5.9803853034973145,
      6.0691938400268555,
      6.148288249969482,
      6.508389472961426,
      6.140229225158691,
      6.217477321624756,
      6.317956924438477,
      6.646881580352783,
      6.635738849639893,
      6.6938982009887695,
      6.543708324432373,
      6.9112091064453125,
      6.754868030548096,
      7.1051435470581055,
      6.930625915527344,
      7.3714141845703125
    ],
    "test_acc": [
      52.68,
      58.84,
      63.67,
      65.55,
      65.73,
      66.75,
      64.13,
      66.34,
      66.08,
      64.45,
      65.62,
      65.38,
      65.6,
      66.63,
      65.76,
      66.1,
      65.58,
      66.62,
      65.24,
      65.41,
      65.76,
      66.25,
      66.64,
      65.56,
      66.19,
      64.69,
      66.37,
      66.78,
      65.91,
      66.57,
      66.48,
      66.84,
      66.1,
      65.97,
      66.27,
      66.59,
      66.81,
      66.84,
      66.92,
      66.26,
      66.75,
      66.68,
      66.43,
      66.88,
      66.04,
      67.13,
      65.81,
      67.07,
      67.09,
      67.23,
      66.79,
      66.09,
      66.23,
      65.88,
      66.4,
      66.6,
      66.05,
      66.63,
      65.94,
      65.83,
      66.69,
      65.98,
      67.04,
      66.8,
      66.47,
      65.57
    ]
  }
}