{
  "config": {
    "run_name": "exp1_2",
    "out_dir": "./results",
    "seed": 927309544,
    "device": null,
    "bs_train": 128,
    "bs_test": 32,
    "batches": 500,
    "epochs": 100,
    "early_stopping": 3,
    "checkpoints": null,
    "lr": 0.001,
    "reg": 0.001,
    "filters_per_layer": [
      256
    ],
    "layers_per_block": 8,
    "pool_every": 5,
    "hidden_dims": [
      100
    ],
    "model_type": "cnn",
    "kw": {}
  },
  "results": {
    "num_epochs": 65,
    "train_loss": [
      2.301114797592163,
      1.9813629388809204,
      1.6105793714523315,
      1.3772255182266235,
      1.1502078771591187,
      0.9554399847984314,
      0.7794149518013,
      0.6261205077171326,
      0.4872400760650635,
      0.3481707274913788,
      0.2493625283241272,
      0.1863674521446228,
      0.1500011682510376,
      0.1274557262659073,
      0.11235545575618744,
      0.0968230664730072,
      0.08991024643182755,
      0.07813011854887009,
      0.07562553137540817,
      0.06282182037830353,
      0.062089499086141586,
      0.05885649099946022,
      0.05619217827916145,
      0.04985493794083595,
      0.05478767678141594,
      0.04718664288520813,
      0.04672963172197342,
      0.05421284958720207,
      0.03952173516154289,
      0.041311196982860565,
      0.04527918994426727,
      0.038789067417383194,
      0.041673775762319565,
      0.05167166888713837,
      0.038730330765247345,
      0.040627364069223404,
      0.03555065020918846,
      0.03992738947272301,
      0.03331920877099037,
      0.034884173423051834,
      0.04033389315009117,
      0.03814172372221947,
      0.034217581152915955,
      0.03486967831850052,
      0.038668327033519745,
      0.029379237443208694,
      0.033953387290239334,
      0.04085904732346535,
      0.038284193724393845,
      0.03756936639547348,
      0.03457534685730934,
      0.02752884291112423,
      0.0288601815700531,
      0.03555823117494583,
      0.034852828830480576,
      0.03370475023984909,
      0.029162144288420677,
      0.03299573436379433,
      0.038441773504018784,
      0.03039335459470749,
      0.03132281079888344,
      0.03539460152387619,
      0.03431682661175728,
      0.032188523560762405,
      0.0410832054913044
    ],
    "train_acc": [
      10.4,
      27.926,
      41.37,
      50.44,
      59.26,
      66.22,
      72.654,
      78.234,
      83.06,
      88.084,
      91.544,
      93.566,
      95.028,
      95.82,
      96.292,
      96.978,
      97.136,
      97.492,
      97.682,
      98.062,
      98.11,
      98.232,
      98.288,
      98.564,
      98.422,
      98.658,
      98.664,
      98.484,
      98.812,
      98.846,
      98.746,
      98.916,
      98.888,
      98.686,
      98.958,
      98.94,
      99.074,
      99.038,
      99.142,
      99.108,
      99.002,
      99.08,
      99.176,
      99.21,
      99.132,
      99.304,
      99.204,
      99.126,
      99.104,
      99.142,
      99.146,
      99.35,
      99.324,
      99.18,
      99.186,
      99.286,
      99.342,
      99.264,
      99.242,
      99.32,
      99.358,
      99.338,
      99.292,
      99.358,
      99.22
    ],
    "test_loss": [
      2.2818498611450195,
      1.9022014141082764,
      1.4873478412628174,
      1.2364212274551392,
      1.0358948707580566,
      0.9530911445617676,
      1.0077663660049438,
      0.983644425868988,
      1.1240805387496948,
      1.2368096113204956,
      1.4441888332366943,
      1.680552363395691,
      1.5608729124069214,
      1.6784220933914185,
      2.023233413696289,
      2.053124189376831,
      2.1108007431030273,
      2.0185751914978027,
      2.151132822036743,
      2.252703905105591,
      2.176142930984497,
      2.449232816696167,
      2.5860953330993652,
      2.7612855434417725,
      2.586479902267456,
      2.983588457107544,
      3.254624366760254,
      2.6207168102264404,
      2.98992657661438,
      3.240445137023926,
      3.0941295623779297,
      3.365180492401123,
      3.631169319152832,
      3.2824671268463135,
      3.178987741470337,
      3.2088918685913086,
      3.550652265548706,
      3.4852817058563232,
      3.516293525695801,
      3.6540300846099854,
      3.485595226287842,
      3.6067495346069336,
      3.860358238220215,
      4.457641124725342,
      3.6864585876464844,
      4.459712505340576,
      4.779672622680664,
      4.02124547958374,
      3.9315907955169678,
      3.8750760555267334,
      4.257614612579346,
      4.226764678955078,
      4.310674667358398,
      5.3545660972595215,
      4.425403118133545,
      3.605729579925537,
      4.004155158996582,
      5.116022109985352,
      4.514664649963379,
      4.621634006500244,
      4.900522232055664,
      4.567248821258545,
      4.9016242027282715,
      4.501203536987305,
      4.561269283294678
    ],
    "test_acc": [
      11.21,
      32.82,
      47.2,
      55.5,
      63.87,
      67.38,
      67.81,
      68.79,
      67.68,
      69.11,
      67.01,
      67.64,
      68.94,
      68.85,
      67.84,
      69.34,
      70.66,
      69.71,
      69.37,
      70.29,
      70.35,
      70.72,
      70.11,
      67.32,
      69.34,
      67.12,
      67.56,
      70.37,
      70.05,
      70.41,
      69.05,
      69.32,
      68.49,
      70.07,
      70.36,
      70.43,
      70.47,
      69.62,
      70.55,
      70.53,
      70.07,
      71.31,
      70.15,
      68.94,
      70.57,
      69.46,
      70.37,
      69.6,
      69.7,
      70.3,
      69.67,
      70.11,
      70.27,
      68.08,
      69.99,
      70.42,
      71.63,
      69.57,
      69.96,
      69.67,
      69.89,
      70.4,
      70.27,
      69.71,
      69.44
    ]
  }
}