{
  "config": {
    "run_name": "exp1_3",
    "out_dir": "./results",
    "seed": 653550644,
    "device": null,
    "bs_train": 128,
    "bs_test": 32,
    "batches": 500,
    "epochs": 100,
    "early_stopping": 3,
    "checkpoints": null,
    "lr": 0.001,
    "reg": 0.001,
    "filters_per_layer": [
      64,
      128,
      256
    ],
    "layers_per_block": 3,
    "pool_every": 2,
    "hidden_dims": [
      100
    ],
    "model_type": "cnn",
    "kw": {}
  },
  "results": {
    "num_epochs": 100,
    "train_loss": [
      2.303093194961548,
      2.3029558658599854,
      2.3029119968414307,
      2.302884340286255,
      2.303166389465332,
      2.302863359451294,
      2.302861213684082,
      2.3028628826141357,
      2.302851676940918,
      2.302851915359497,
      2.302852153778076,
      2.302852153778076,
      2.302851915359497,
      2.302851915359497,
      2.302851915359497,
      2.302851915359497,
      2.302851915359497,
      2.302851915359497,
      2.302851915359497,
      2.302851915359497,
      2.302851915359497,
      2.302851915359497,
      2.302851915359497,
      2.302851915359497,
      2.302851915359497,
      2.302851915359497,
      2.302851915359497,
      2.302851915359497,
      2.302851915359497,
      2.302851915359497,
      2.302851915359497,
      2.302851915359497,
      2.302851915359497,
      2.302851915359497,
      2.302851915359497,
      2.302851915359497,
      2.302851915359497,
      2.302851915359497,
      2.302851915359497,
      2.302851915359497,
      2.302851915359497,
      2.302851915359497,
      2.302852153778076,
      2.302851915359497,
      2.302852153778076,
      2.302852153778076,
      2.302852153778076,
      2.302851915359497,
      2.302852153778076,
      2.302852153778076,
      2.302852153778076,
      2.302852153778076,
      2.302852153778076,
      2.302852153778076,
      2.302851915359497,
      2.302852153778076,
      2.302852153778076,
      2.302852153778076,
      2.302852153778076,
      2.302852153778076,
      2.302852153778076,
      2.302851915359497,
      2.302852153778076,
      2.302852153778076,
      2.302852153778076,
      2.302852153778076,
      2.302852153778076,
      2.302852153778076,
      2.302851915359497,
      2.302852153778076,
      2.302852153778076,
      2.302852153778076,
      2.302852153778076,
      2.302852153778076,
      2.302852153778076,
      2.302851915359497,
      2.302852153778076,
      2.302852153778076,
      2.302852153778076,
      2.302852153778076,
      2.302852153778076,
      2.302852153778076,
      2.302851915359497,
      2.302852153778076,
      2.302852153778076,
      2.302852153778076,
      2.302852153778076,
      2.302851915359497,
      2.302852153778076,
      2.302851915359497,
      2.302851915359497,
      2.302851915359497,
      2.302852153778076,
      2.302852153778076,
      2.302852153778076,
      2.302852153778076,
      2.302851915359497,
      2.302851915359497,
      2.302852153778076,
      2.302852153778076
    ],
    "train_acc": [
      9.864,
      9.538,
      9.69,
      9.664,
      9.88,
      9.65,
      9.63,
      9.632,
      9.604,
      9.628,
      9.628,
      9.628,
      9.628,
      9.628,
      9.628,
      9.628,
      9.628,
      9.628,
      9.628,
      9.628,
      9.628,
      9.628,
      9.628,
      9.628,
      9.628,
      9.628,
      9.628,
      9.628,
      9.628,
      9.628,
      9.628,
      9.628,
      9.628,
      9.628,
      9.628,
      9.628,
      9.628,
      9.628,
      9.628,
      9.628,
      9.628,
      9.628,
      9.628,
      9.628,
      9.628,
      9.628,
      9.628,
      9.628,
      9.628,
      9.628,
      9.628,
      9.628,
      9.628,
      9.628,
      9.628,
      9.628,
      9.628,
      9.628,
      9.628,
      9.628,
      9.628,
      9.628,
      9.628,
      9.628,
      9.628,
      9.628,
      9.628,
      9.628,
      9.628,
      9.628,
      9.628,
      9.628,
      9.628,
      9.628,
      9.628,
      9.628,
      9.628,
      9.628,
      9.628,
      9.628,
      9.628,
      9.628,
      9.628,
      9.628,
      9.628,
      9.628,
      9.628,
      9.628,
      9.628,
      9.628,
      9.628,
      9.628,
      9.628,
      9.628,
      9.628,
      9.628,
      9.628,
      9.628,
      9.628,
      9.628
    ],
    "test_loss": [
      2.302799701690674,
      2.3027327060699463,
      2.302717447280884,
      2.3026702404022217,
      2.30267071723938,
      2.3026695251464844,
      2.3026695251464844,
      2.302656650543213,
      2.3026602268218994,
      2.3026599884033203,
      2.3026599884033203,
      2.3026599884033203,
      2.3026599884033203,
      2.3026599884033203,
      2.3026599884033203,
      2.3026599884033203,
      2.3026599884033203,
      2.3026599884033203,
      2.3026599884033203,
      2.3026599884033203,
      2.3026599884033203,
      2.3026599884033203,
      2.3026599884033203,
      2.3026602268218994,
      2.3026599884033203,
      2.3026599884033203,
      2.3026599884033203,
      2.3026599884033203,
      2.3026599884033203,
      2.3026599884033203,
      2.3026599884033203,
      2.3026599884033203,
      2.3026599884033203,
      2.3026599884033203,
      2.3026599884033203,
      2.3026599884033203,
      2.3026599884033203,
      2.3026599884033203,
      2.3026599884033203,
      2.3026599884033203,
      2.3026599884033203,
      2.3026599884033203,
      2.3026599884033203,
      2.3026599884033203,
      2.3026599884033203,
      2.3026599884033203,
      2.3026599884033203,
      2.3026599884033203,
      2.3026599884033203,
      2.3026599884033203,
      2.3026599884033203,
      2.3026599884033203,
      2.3026599884033203,
      2.3026599884033203,
      2.3026599884033203,
      2.3026599884033203,
      2.3026599884033203,
      2.3026599884033203,
      2.3026599884033203,
      2.3026599884033203,
      2.3026599884033203,
      2.3026599884033203,
      2.3026599884033203,
      2.3026599884033203,
      2.3026599884033203,
      2.3026599884033203,
      2.3026599884033203,
      2.3026599884033203,
      2.3026599884033203,
      2.3026599884033203,
      2.3026599884033203,
      2.3026599884033203,
      2.3026599884033203,
      2.3026599884033203,
      2.3026599884033203,
      2.3026599884033203,
      2.3026599884033203,
      2.3026599884033203,
      2.3026599884033203,
      2.3026599884033203,
      2.3026599884033203,
      2.3026599884033203,
      2.3026599884033203,
      2.3026599884033203,
      2.3026599884033203,
      2.3026599884033203,
      2.3026599884033203,
      2.3026599884033203,
      2.3026599884033203,
      2.3026599884033203,
      2.3026599884033203,
      2.3026599884033203,
      2.3026599884033203,
      2.3026599884033203,
      2.3026599884033203,
      2.3026599884033203,
      2.3026599884033203,
      2.3026599884033203,
      2.3026599884033203,
      2.3026599884033203
    ],