{
  "config": {
    "run_name": "exp1_2",
    "out_dir": "./results",
    "seed": 1829272523,
    "device": null,
    "bs_train": 128,
    "bs_test": 32,
    "batches": 500,
    "epochs": 100,
    "early_stopping": 3,
    "checkpoints": null,
    "lr": 0.001,
    "reg": 0.001,
    "filters_per_layer": [
      32
    ],
    "layers_per_block": 2,
    "pool_every": 2,
    "hidden_dims": [
      100
    ],
    "model_type": "cnn",
    "kw": {}
  },
  "results": {
    "num_epochs": 39,
    "train_loss": [
      1.7431938648223877,
      1.2672677040100098,
      1.05836021900177,
      0.9149647355079651,
      0.7861078977584839,
      0.6646175980567932,
      0.5485661625862122,
      0.42882239818573,
      0.3225937485694885,
      0.23461799323558807,
      0.1724245697259903,
      0.12770044803619385,
      0.09366019070148468,
      0.07898566126823425,
      0.06273047626018524,
      0.048603132367134094,
      0.046797093003988266,
      0.04335521161556244,
      0.03585435077548027,
      0.03185885772109032,
      0.034407541155815125,
      0.02838391810655594,
      0.0238936934620142,
      0.025877786800265312,
      0.019698740914463997,
      0.01877443492412567,
      0.01735006831586361,
      0.01652427762746811,
      0.01590809039771557,
      0.016052616760134697,
      0.01634182594716549,
      0.017332283779978752,
      0.017475534230470657,
      0.018615948036313057,
      0.018306316807866096,
      0.018757594749331474,
      0.015589886344969273,
      0.01302929688245058,
      0.015717634931206703
    ],
    "train_acc": [
      36.83,
      55.012,
      62.32,
      67.988,
      72.628,
      76.812,
      81.12,
      85.55,
      89.056,
      92.02,
      94.188,
      95.724,
      96.912,
      97.362,
      97.89,
      98.39,
      98.404,
      98.554,
      98.792,
      98.956,
      98.84,
      99.068,
      99.198,
      99.174,
      99.336,
      99.416,
      99.44,
      99.46,
      99.482,
      99.504,
      99.46,
      99.426,
      99.45,
      99.394,
      99.446,
      99.408,
      99.526,
      99.598,
      99.532
    ],
    "test_loss": [
      1.4354357719421387,
      1.2186801433563232,
      1.1887472867965698,
      1.0941969156265259,
      1.1966317892074585,
      1.1340421438217163,
      1.2458142042160034,
      1.4029465913772583,
      1.5794785022735596,
      1.8742116689682007,
      2.006152629852295,
      2.151630401611328,
      2.5763344764709473,
      2.6902542114257812,
      2.8180854320526123,
      2.9912500381469727,
      3.0964274406433105,
      3.1750404834747314,
      3.356579065322876,
      3.3931503295898438,
      3.454162836074829,
      3.725917100906372,
      3.628802537918091,
      4.016275882720947,
      3.9557576179504395,
      4.013139724731445,
      4.181447982788086,
      4.238945960998535,
      4.345667362213135,
      4.558078765869141,
      4.502865791320801,
      4.551769733428955,
      4.486989498138428,
      4.716080665588379,
      4.859187126159668,
      4.863955497741699,
      4.942981719970703,
      5.000823497772217,
      4.927849769592285
    ],
    "test_acc": [
      49.24,
      56.59,
      58.73,
      62.1,
      60.48,
      64.88,
      65.11,
      65.26,
      64.14,
      63.51,
      64.01,
      65.17,
      63.94,
      64.27,
      64.88,
      64.46,
      64.62,
      63.57,
      64.9,
      64.63,
      65.21,
      64.8,
      65.01,
      64.63,
      65.5,
      65.69,
      64.32,
      65.01,
      65.38,
      64.49,
      64.79,
      64.5,
      65.65,
      64.76,
      64.59,
      65.21,
      65.02,
      64.94,
      64.61
    ]
  }
}