{
  "config": {
    "run_name": "exp1_2",
    "out_dir": "./results",
    "seed": 1413872194,
    "device": null,
    "bs_train": 128,
    "bs_test": 32,
    "batches": 500,
    "epochs": 100,
    "early_stopping": 3,
    "checkpoints": null,
    "lr": 0.001,
    "reg": 0.001,
    "filters_per_layer": [
      128
    ],
    "layers_per_block": 8,
    "pool_every": 5,
    "hidden_dims": [
      100
    ],
    "model_type": "cnn",
    "kw": {}
  },
  "results": {
    "num_epochs": 100,
    "train_loss": [
      2.3030359745025635,
      2.303072452545166,
      2.3028547763824463,
      2.302852153778076,
      2.302852153778076,
      2.302851915359497,
      2.302851915359497,
      2.302851915359497,
      2.302851915359497,
      2.302851915359497,
      2.302851915359497,
      2.302851915359497,
      2.302851915359497,
      2.302851915359497,
      2.302851915359497,
      2.302851915359497,
      2.302851915359497,
      2.302851915359497,
      2.302851915359497,
      2.302851915359497,
      2.302851915359497,
      2.302851915359497,
      2.302851915359497,
      2.302851915359497,
      2.302852153778076,
      2.302851915359497,
      2.302851915359497,
      2.302851915359497,
      2.302851915359497,
      2.302851915359497,
      2.302851915359497,
      2.302851915359497,
      2.302851915359497,
      2.302851915359497,
      2.302851915359497,
      2.302851915359497,
      2.302851915359497,
      2.302851915359497,
      2.302851915359497,
      2.302851915359497,
      2.302851915359497,
      2.302851915359497,
      2.302851915359497,
      2.302851915359497,
      2.302851915359497,
      2.302852153778076,
      2.302852153778076,
      2.302852153778076,
      2.302852153778076,
      2.302852153778076,
      2.302852153778076,
      2.302852153778076,
      2.302851915359497,
      2.302852153778076,
      2.302852153778076,
      2.302851915359497,
      2.302852153778076,
      2.302852153778076,
      2.302852153778076,
      2.302852153778076,
      2.302852153778076,
      2.302852153778076,
      2.302851915359497,
      2.302852153778076,
      2.302852153778076,
      2.302852153778076,
      2.302852153778076,
      2.302852153778076,
      2.302852153778076,
      2.302851915359497,
      2.302852153778076,
      2.302852153778076,
      2.302852153778076,
      2.302852153778076,
      2.302852153778076,
      2.302852153778076,
      2.302851915359497,
      2.302852153778076,
      2.302852153778076,
      2.302852153778076,
      2.302852153778076,
      2.302852153778076,
      2.302852153778076,
      2.302851915359497,
      2.302852153778076,
      2.302852153778076,
      2.302852153778076,
      2.302852153778076,
      2.302852153778076,
      2.302852153778076,
      2.302852153778076,
      2.302851915359497,
      2.302851915359497,
      2.302852153778076,
      2.302852153778076,
      2.302851915359497,
      2.302851915359497,
      2.302852153778076,
      2.302852153778076,
      2.302852153778076
    ],
    "train_acc": [
      9.78,
      9.776,
      9.612,
      9.634,
      9.628,
      9.628,
      9.628,
      9.628,
      9.628,
      9.628,
      9.628,
      9.628,
      9.628,
      9.628,
      9.628,
      9.628,
      9.628,
      9.628,
      9.628,
      9.628,
      9.628,
      9.628,
      9.628,
      9.628,
      9.628,
      9.628,
      9.628,
      9.628,
      9.628,
      9.628,
      9.628,
      9.628,
      9.628,
      9.628,
      9.628,
      9.628,
      9.628,
      9.628,
      9.628,
      9.628,
      9.628,
      9.628,
      9.628,
      9.628,
      9.628,
      9.628,
      9.628,
      9.628,
      9.628,
      9.628,
      9.628,
      9.628,
      9.628,
      9.628,
      9.628,
      9.628,
      9.628,
      9.628,
      9.628,
      9.628,
      9.628,
      9.628,
      9.628,
      9.628,
      9.628,
      9.628,
      9.628,
      9.628,
      9.628,
      9.628,
      9.628,
      9.628,
      9.628,
      9.628,
      9.628,
      9.628,
      9.628,
      9.628,
      9.628,
      9.628,
      9.628,
      9.628,
      9.628,
      9.628,
      9.628,
      9.628,
      9.628,
      9.628,
      9.628,
      9.628,
      9.628,
      9.628,
      9.628,
      9.628,
      9.628,
      9.628,
      9.628,
      9.628,
      9.628,
      9.628
    ],
    "test_loss": [
      2.3026468753814697,
      2.3026671409606934,
      2.3026607036590576,
      2.302659749984741,
      2.3026599884033203,
      2.3026599884033203,
      2.3026599884033203,
      2.3026599884033203,
      2.3026599884033203,
      2.3026599884033203,
      2.3026599884033203,
      2.3026599884033203,
      2.3026599884033203,
      2.3026599884033203,
      2.3026599884033203,
      2.3026599884033203,
      2.3026599884033203,
      2.3026599884033203,
      2.3026599884033203,
      2.3026599884033203,
      2.3026599884033203,
      2.3026599884033203,
      2.3026599884033203,
      2.3026599884033203,
      2.3026599884033203,
      2.3026599884033203,
      2.3026599884033203,
      2.3026599884033203,
      2.3026599884033203,
      2.3026599884033203,
      2.3026599884033203,
      2.3026599884033203,
      2.3026599884033203,
      2.3026599884033203,
      2.3026599884033203,
      2.3026599884033203,
      2.3026599884033203,
      2.3026602268218994,
      2.3026599884033203,
      2.3026599884033203,
      2.3026599884033203,
      2.3026599884033203,
      2.3026599884033203,
      2.3026599884033203,
      2.3026599884033203,
      2.3026599884033203,
      2.3026599884033203,
      2.3026599884033203,
      2.3026599884033203,
      2.3026599884033203,
      2.3026599884033203,
      2.3026599884033203,
      2.3026599884033203,
      2.3026599884033203,
      2.3026599884033203,
      2.3026599884033203,
      2.3026599884033203,
      2.3026599884033203,
      2.3026599884033203,
      2.3026599884033203,
      2.3026599884033203,
      2.3026599884033203,
      2.3026599884033203,
      2.3026599884033203,
      2.3026599884033203,
      2.3026599884033203,
      2.3026599884033203,
      2.3026599884033203,
      2.3026599884033203,
      2.3026599884033203,
      2.3026599884033203,
      2.3026599884033203,
      2.3026599884033203,
      2.3026599884033203,
      2.3026599884033203,
      2.3026599884033203,
      2.3026599884033203,
      2.3026599884033203,
      2.3026599884033203,
      2.3026599884033203,
      2.3026599884033203,
      2.3026599884033203,
      2.3026599884033203,
      2.3026599884033203,
      2.3026599884033203,
      2.3026599884033203,
      2.3026599884033203,
      2.3026599884033203,
      2.3026599884033203,
      2.3026599884033203,
      2.3026599884033203,
      2.3026599884033203,
      2.3026599884033203,
      2.3026599884033203,
      2.3026599884033203,
      2.3026599884033203,
      2.3026599884033203,
      2.3026599884033203,
      2.3026599884033203,
      2.3026599884033203
    ],