{
  "config": {
    "run_name": "exp1_2",
    "out_dir": "./results",
    "seed": 542984501,
    "device": null,
    "bs_train": 128,
    "bs_test": 32,
    "batches": 500,
    "epochs": 100,
    "early_stopping": 3,
    "checkpoints": null,
    "lr": 0.001,
    "reg": 0.001,
    "filters_per_layer": [
      256
    ],
    "layers_per_block": 4,
    "pool_every": 3,
    "hidden_dims": [
      100
    ],
    "model_type": "cnn",
    "kw": {}
  },
  "results": {
    "num_epochs": 16,
    "train_loss": [
      2.001453399658203,
      1.4628992080688477,
      1.167676568031311,
      0.9108747839927673,
      0.7036495208740234,
      0.5236408710479736,
      0.3697739243507385,
      0.24868957698345184,
      0.17372189462184906,
      0.13416409492492676,
      0.10571838170289993,
      0.09226854890584946,
      0.07528269290924072,
      0.06928755342960358,
      0.06656357645988464,
      0.06148169934749603
    ],
    "train_acc": [
      26.65,
      47.278,
      58.742,
      67.838,
      75.472,
      81.8,
      87.476,
      91.468,
      94.214,
      95.498,
      96.608,
      97.046,
      97.67,
      97.912,
      97.898,
      98.108
    ],
    "test_loss": [
      1.6614711284637451,
      1.8265043497085571,
      1.0760035514831543,
      0.9803998470306396,
      1.1256747245788574,
      1.0679092407226562,
      1.5562795400619507,
      1.6646827459335327,
      1.879451870918274,
      2.108966827392578,
      2.076392889022827,
      2.4614458084106445,
      2.475017786026001,
      2.6835474967956543,
      2.878408908843994,
      3.074395179748535
    ],
    "test_acc": [
      40.69,
      42.71,
      62.21,
      67.54,
      67.15,
      70.33,
      67.65,
      69.65,
      68.87,
      68.72,
      69.07,
      69.1,
      70.07,
      69.96,
      69.86,
      67.62
    ]
  }
}