{
  "config": {
    "run_name": "exp1_1",
    "out_dir": "./results",
    "seed": 468188619,
    "device": null,
    "bs_train": 128,
    "bs_test": 32,
    "batches": 50,
    "epochs": 100,
    "early_stopping": 3,
    "checkpoints": null,
    "lr": 0.001,
    "reg": 0.001,
    "filters_per_layer": [
      64
    ],
    "layers_per_block": 8,
    "pool_every": 5,
    "hidden_dims": [
      100
    ],
    "model_type": "cnn",
    "kw": {}
  },
  "results": {
    "num_epochs": 14,
    "train_loss": [
      2.3031105995178223,
      2.302891492843628,
      2.1587562561035156,
      1.617600440979004,
      1.3394073247909546,
      1.1355327367782593,
      0.9538582563400269,
      0.7886915802955627,
      0.6297909617424011,
      0.4696063697338104,
      0.34334611892700195,
      0.2487536519765854,
      0.18203677237033844,
      0.15877673029899597
    ],
    "train_acc": [
      9.61,
      9.47,
      20.062,
      41.59,
      51.946,
      59.614,
      66.52,
      72.518,
      78.164,
      83.624,
      88.23,
      91.558,
      93.838,
      94.622
    ],
    "test_loss": [
      2.302701950073242,
      2.3026602268218994,
      1.7979069948196411,
      1.4363937377929688,
      1.268535852432251,
      1.178296446800232,
      1.040223479270935,
      1.1363837718963623,
      1.2305727005004883,
      1.436643123626709,
      1.5137267112731934,
      1.8077845573425293,
      2.217522382736206,
      2.5283315181732178
    ],
    "test_acc": [
      10.0,
      10.0,
      35.39,
      48.4,
      55.26,
      58.59,
      63.96,
      64.63,
      63.83,
      62.9,
      65.57,
      65.0,
      63.38,
      62.38
    ]
  }
}