{
  "config": {
    "run_name": "exp1_1",
    "out_dir": "./results",
    "seed": 75429238,
    "device": null,
    "bs_train": 128,
    "bs_test": 32,
    "batches": 50,
    "epochs": 100,
    "early_stopping": 3,
    "checkpoints": null,
    "lr": 0.001,
    "reg": 0.001,
    "filters_per_layer": [
      32
    ],
    "layers_per_block": 2,
    "pool_every": 2,
    "hidden_dims": [
      100
    ],
    "model_type": "cnn",
    "kw": {}
  },
  "results": {
    "num_epochs": 53,
    "train_loss": [
      1.7399497032165527,
      1.2858901023864746,
      1.057999610900879,
      0.8994478583335876,
      0.7682517766952515,
      0.6427677273750305,
      0.5215762853622437,
      0.41619807481765747,
      0.31105145812034607,
      0.23158225417137146,
      0.16847628355026245,
      0.12641814351081848,
      0.10015390813350677,
      0.07798894494771957,
      0.06186465173959732,
      0.05758338049054146,
      0.05174081400036812,
      0.04675314575433731,
      0.039448872208595276,
      0.03318016976118088,
      0.034988775849342346,
      0.027603693306446075,
      0.026662906631827354,
      0.025562280789017677,
      0.02318623475730419,
      0.023492271080613136,
      0.01776942051947117,
      0.017477015033364296,
      0.01690840721130371,
      0.0210907980799675,
      0.022664178162813187,
      0.01641714759171009,
      0.013891148380935192,
      0.017013683915138245,
      0.015408759005367756,
      0.014647074043750763,
      0.016683580353856087,
      0.016259582713246346,
      0.01641402766108513,
      0.014969616197049618,
      0.017848046496510506,
      0.016125239431858063,
      0.009368482045829296,
      0.01239108107984066,
      0.016917269676923752,
      0.01271221786737442,
      0.00918945949524641,
      0.008571580052375793,
      0.008149947039783001,
      0.007975507527589798,
      0.008373716846108437,
      0.007843530736863613,
      0.008885575458407402
    ],
    "train_acc": [
      37.142,
      54.058,
      62.706,
      68.346,
      73.164,
      77.734,
      81.962,
      85.842,
      89.416,
      92.206,
      94.304,
      95.7,
      96.68,
      97.424,
      97.96,
      98.092,
      98.252,
      98.472,
      98.668,
      98.892,
      98.872,
      99.124,
      99.152,
      99.188,
      99.236,
      99.244,
      99.416,
      99.418,
      99.478,
      99.334,
      99.306,
      99.448,
      99.538,
      99.428,
      99.494,
      99.55,
      99.488,
      99.512,
      99.544,
      99.556,
      99.466,
      99.508,
      99.674,
      99.648,
      99.484,
      99.642,
      99.726,
      99.75,
      99.76,
      99.754,
      99.716,
      99.788,
      99.752
    ],
    "test_loss": [
      1.5010937452316284,
      1.2132891416549683,
      1.096434473991394,
      1.0453505516052246,
      1.1125019788742065,
      1.1074655055999756,
      1.2147053480148315,
      1.4281319379806519,
      1.6614046096801758,
      1.8895456790924072,
      2.139636754989624,
      2.3276326656341553,
      2.4709925651550293,
      2.757018804550171,
      2.9350078105926514,
      3.153183698654175,
      3.3078339099884033,
      3.368683099746704,
      3.41552996635437,
      3.6575708389282227,
      3.8701093196868896,
      3.7622475624084473,
      3.964200258255005,
      3.954210042953491,
      4.250995635986328,
      4.0962233543396,
      4.1288299560546875,
      4.409482955932617,
      4.566710948944092,
      4.612975120544434,
      4.545976638793945,
      4.683367729187012,
      4.98026704788208,
      4.938718795776367,
      5.047762393951416,
      5.257488250732422,
      5.307091236114502,
      5.360700607299805,
      5.371352195739746,
      5.355477333068848,
      5.519883632659912,
      5.61359977722168,
      5.603511333465576,
      6.089722156524658,
      5.654679775238037,
      5.718228340148926,
      5.749582290649414,
      5.736277103424072,
      5.937007904052734,
      6.0691399574279785,
      6.35133171081543,
      6.418684005737305,
      6.261518955230713
    ],
    "test_acc": [
      45.09,
      56.76,
      61.27,
      63.73,
      63.3,
      65.58,
      65.29,
      64.63,
      64.81,
      64.0,
      64.81,
      64.06,
      65.24,
      64.8,
      64.6,
      64.64,
      64.05,
      64.87,
      64.1,
      64.17,
      64.42,
      64.95,
      65.11,
      64.81,
      64.5,
      65.48,
      64.14,
      64.71,
      64.83,
      64.98,
      64.45,
      64.96,
      64.52,
      64.73,
      64.95,
      65.07,
      64.14,
      64.1,
      64.83,
      64.5,
      64.75,
      64.43,
      64.72,
      64.49,
      64.78,
      65.33,
      65.07,
      64.54,
      64.86,
      64.99,
      64.7,
      64.67,
      64.55
    ]
  }
}