{
  "config": {
    "run_name": "exp1_2",
    "out_dir": "./results",
    "seed": 923316339,
    "device": null,
    "bs_train": 128,
    "bs_test": 32,
    "batches": 500,
    "epochs": 100,
    "early_stopping": 3,
    "checkpoints": null,
    "lr": 0.001,
    "reg": 0.001,
    "filters_per_layer": [
      128
    ],
    "layers_per_block": 2,
    "pool_every": 2,
    "hidden_dims": [
      100
    ],
    "model_type": "cnn",
    "kw": {}
  },
  "results": {
    "num_epochs": 30,
    "train_loss": [
      1.7162234783172607,
      1.204842209815979,
      0.9605408310890198,
      0.7888433337211609,
      0.6393027305603027,
      0.4940686523914337,
      0.36956241726875305,
      0.2555038034915924,
      0.18628227710723877,
      0.12665678560733795,
      0.08999370038509369,
      0.07719451189041138,
      0.05918131023645401,
      0.05451429635286331,
      0.05148293823003769,
      0.03851218894124031,
      0.03800654411315918,
      0.03690069168806076,
      0.030100690200924873,
      0.028560703620314598,
      0.030679550021886826,
      0.025513703003525734,
      0.02773810736835003,
      0.025430530309677124,
      0.023448888212442398,
      0.02475903183221817,
      0.022204764187335968,
      0.018865764141082764,
      0.02238069474697113,
      0.017934655770659447
    ],
    "train_acc": [
      38.154,
      57.326,
      66.142,
      72.442,
      77.896,
      83.024,
      87.358,
      91.46,
      93.814,
      95.772,
      96.942,
      97.374,
      97.958,
      98.214,
      98.252,
      98.742,
      98.716,
      98.766,
      99.066,
      99.054,
      99.08,
      99.15,
      99.126,
      99.216,
      99.298,
      99.254,
      99.364,
      99.438,
      99.338,
      99.458
    ],
    "test_loss": [
      1.3734444379806519,
      1.1160714626312256,
      1.0769537687301636,
      0.9996460676193237,
      1.0578550100326538,
      1.2636276483535767,
      1.3744935989379883,
      1.8070669174194336,
      1.7717374563217163,
      2.1087229251861572,
      2.321918487548828,
      2.5990936756134033,
      2.6979784965515137,
      2.8269622325897217,
      2.8462026119232178,
      3.173499584197998,
      3.082606554031372,
      3.2444334030151367,
      3.541013240814209,
      3.631842851638794,
      3.9454240798950195,
      3.874507427215576,
      3.7263331413269043,
      3.993540048599243,
      3.8942863941192627,
      4.138357162475586,
      4.153051853179932,
      4.463151454925537,
      4.578690052032471,
      4.9079389572143555
    ],
    "test_acc": [
      49.84,
      59.88,
      62.97,
      66.17,
      66.7,
      65.86,
      67.26,
      65.63,
      67.7,
      66.38,
      67.28,
      66.51,
      66.38,
      66.48,
      67.47,
      65.58,
      67.22,
      67.67,
      66.5,
      67.0,
      66.37,
      66.45,
      66.51,
      67.28,
      66.93,
      67.06,
      67.7,
      67.39,
      67.28,
      66.61
    ]
  }
}