{
  "config": {
    "run_name": "exp1_1",
    "out_dir": "./results",
    "seed": 1604427767,
    "device": null,
    "bs_train": 128,
    "bs_test": 32,
    "batches": 50,
    "epochs": 100,
    "early_stopping": 3,
    "checkpoints": null,
    "lr": 0.001,
    "reg": 0.001,
    "filters_per_layer": [
      32
    ],
    "layers_per_block": 4,
    "pool_every": 3,
    "hidden_dims": [
      100
    ],
    "model_type": "cnn",
    "kw": {}
  },
  "results": {
    "num_epochs": 34,
    "train_loss": [
      1.8647242784500122,
      1.371924877166748,
      1.1302276849746704,
      0.9372694492340088,
      0.7685920000076294,
      0.6170413494110107,
      0.46924686431884766,
      0.3366791009902954,
      0.22877037525177002,
      0.16677924990653992,
      0.13435113430023193,
      0.1111081913113594,
      0.08912552148103714,
      0.081757090985775,
      0.0723581612110138,
      0.0656457170844078,
      0.05627168342471123,
      0.05567431077361107,
      0.048390354961156845,
      0.04468628019094467,
      0.05003628507256508,
      0.04747189208865166,
      0.0431080162525177,
      0.0399908609688282,
      0.042568378150463104,
      0.035248853266239166,
      0.03958236053586006,
      0.03912985697388649,
      0.03754950314760208,
      0.0384402759373188,
      0.04228198155760765,
      0.03413916379213333,
      0.03734507039189339,
      0.03410237655043602
    ],
    "train_acc": [
      32.396,
      50.862,
      59.916,
      66.762,
      73.08,
      78.456,
      83.872,
      88.398,
      92.144,
      94.43,
      95.47,
      96.308,
      97.056,
      97.434,
      97.658,
      97.966,
      98.252,
      98.328,
      98.526,
      98.666,
      98.5,
      98.662,
      98.756,
      98.826,
      98.798,
      98.998,
      98.904,
      98.872,
      98.992,
      98.992,
      98.852,
      99.052,
      99.042,
      99.154
    ],
    "test_loss": [
      1.7953312397003174,
      1.250775694847107,
      1.183271884918213,
      1.0393130779266357,
      1.0820965766906738,
      1.3063870668411255,
      1.4843322038650513,
      1.6900554895401,
      1.9121707677841187,
      2.395195960998535,
      2.339533805847168,
      2.6569948196411133,
      3.161318778991699,
      2.9605698585510254,
      3.286851644515991,
      3.236839532852173,
      3.685603380203247,
      3.582334280014038,
      3.6828982830047607,
      3.9418082237243652,
      4.03115177154541,
      4.210477352142334,
      3.91349458694458,
      4.956534385681152,
      4.0586161613464355,
      4.340076446533203,
      4.754385948181152,
      4.58419132232666,
      4.76251220703125,
      5.205942153930664,
      4.559449672698975,
      5.2003397941589355,
      5.316559314727783,
      5.2896623611450195
    ],
    "test_acc": [
      36.25,
      55.34,
      58.56,
      63.79,
      65.39,
      63.16,
      64.07,
      64.95,
      63.88,
      63.92,
      64.52,
      63.76,
      62.3,
      65.29,
      64.31,
      63.89,
      64.9,
      64.66,
      64.78,
      64.93,
      64.15,
      64.53,
      65.01,
      64.11,
      65.03,
      65.24,
      64.15,
      64.59,
      64.91,
      64.04,
      65.0,
      64.95,
      64.8,
      64.37
    ]
  }
}