{
  "config": {
    "run_name": "exp2_L{3}_K{32}-{64}-{128}",
    "out_dir": "./results",
    "seed": 336257627,
    "device": null,
    "bs_train": 128,
    "bs_test": 32,
    "batches": 500,
    "epochs": 100,
    "early_stopping": 3,
    "checkpoints": null,
    "lr": 0.001,
    "reg": 0.001,
    "filters_per_layer": [
      32,
      64,
      128
    ],
    "layers_per_block": 3,
    "pool_every": 2,
    "hidden_dims": [
      100
    ],
    "model_type": "cnn",
    "kw": {}
  },
  "results": {
    "num_epochs": 100,
    "train_loss": [
      2.3031246662139893,
      2.3029589653015137,
      2.3029234409332275,
      2.302880048751831,
      2.302863121032715,
      2.302854299545288,
      2.302851915359497,
      2.302852153778076,
      2.302851915359497,
      2.302851915359497,
      2.302851915359497,
      2.302851915359497,
      2.302851915359497,
      2.302851915359497,
      2.302851915359497,
      2.302851915359497,
      2.302851915359497,
      2.302851915359497,
      2.302851915359497,
      2.302851915359497,
      2.302851915359497,
      2.302851915359497,
      2.302852153778076,
      2.302851915359497,
      2.302852153778076,
      2.302852153778076,
      2.302851915359497,
      2.302851915359497,
      2.302851915359497,
      2.302851915359497,
      2.302851915359497,
      2.302851915359497,
      2.302851915359497,
      2.302851915359497,
      2.302851915359497,
      2.302851915359497,
      2.302851915359497,
      2.302851915359497,
      2.302851915359497,
      2.302851915359497,
      2.302851915359497,
      2.302851915359497,
      2.302851915359497,
      2.302851915359497,
      2.302851915359497,
      2.302852153778076,
      2.302851915359497,
      2.302852153778076,
      2.302852153778076,
      2.302852153778076,
      2.302852153778076,
      2.302852153778076,
      2.302852153778076,
      2.302851915359497,
      2.302852153778076,
      2.302852153778076,
      2.302852153778076,
      2.302852153778076,
      2.302852153778076,
      2.302852153778076,
      2.302852153778076,
      2.302851915359497,
      2.302852153778076,
      2.302852153778076,
      2.302852153778076,
      2.302852153778076,
      2.302852153778076,
      2.302852153778076,
      2.302851915359497,
      2.302852153778076,
      2.302852153778076,
      2.302852153778076,
      2.302852153778076,
      2.302852153778076,
      2.302852153778076,
      2.302851915359497,
      2.302852153778076,
      2.302852153778076,
      2.302852153778076,
      2.302852153778076,
      2.302852153778076,
      2.302852153778076,
      2.302851915359497,
      2.302852153778076,
      2.302852153778076,
      2.302852153778076,
      2.302852153778076,
      2.302852153778076,
      2.302852153778076,
      2.302852153778076,
      2.302852153778076,
      2.302851915359497,
      2.302852153778076,
      2.302852153778076,
      2.302852153778076,
      2.302852153778076,
      2.302852153778076,
      2.302852153778076,
      2.302851915359497,
      2.302851915359497
    ],
    "train_acc": [
      9.572,
      9.414,
      9.564,
      9.522,
      9.502,
      9.6,
      9.628,
      9.628,
      9.628,
      9.628,
      9.628,
      9.628,
      9.628,
      9.628,
      9.628,
      9.628,
      9.628,
      9.628,
      9.628,
      9.628,
      9.628,
      9.628,
      9.628,
      9.628,
      9.628,
      9.628,
      9.628,
      9.628,
      9.628,
      9.628,
      9.628,
      9.628,
      9.628,
      9.628,
      9.628,
      9.628,
      9.628,
      9.628,
      9.628,
      9.628,
      9.628,
      9.628,
      9.628,
      9.628,
      9.628,
      9.628,
      9.628,
      9.628,
      9.628,
      9.628,
      9.628,
      9.628,
      9.628,
      9.628,
      9.628,
      9.628,
      9.628,
      9.628,
      9.628,
      9.628,
      9.628,
      9.628,
      9.628,
      9.628,
      9.628,
      9.628,
      9.628,
      9.628,
      9.628,
      9.628,
      9.628,
      9.628,
      9.628,
      9.628,
      9.628,
      9.628,
      9.628,
      9.628,
      9.628,
      9.628,
      9.628,
      9.628,
      9.628,
      9.628,
      9.628,
      9.628,
      9.628,
      9.628,
      9.628,
      9.628,
      9.628,
      9.628,
      9.628,
      9.628,
      9.628,
      9.628,
      9.628,
      9.628,
      9.628,
      9.628
    ],
    "test_loss": [
      2.302791118621826,
      2.302734851837158,
      2.3027002811431885,
      2.3026697635650635,
      2.3026621341705322,
      2.302659511566162,
      2.3026599884033203,
      2.3026599884033203,
      2.3026599884033203,
      2.3026599884033203,
      2.3026599884033203,
      2.3026599884033203,
      2.3026599884033203,
      2.3026599884033203,
      2.3026599884033203,
      2.3026599884033203,
      2.3026599884033203,
      2.3026599884033203,
      2.3026599884033203,
      2.3026599884033203,
      2.3026599884033203,
      2.3026599884033203,
      2.3026599884033203,
      2.3026599884033203,
      2.3026599884033203,
      2.3026599884033203,
      2.3026599884033203,
      2.3026599884033203,
      2.3026599884033203,
      2.3026599884033203,
      2.3026599884033203,
      2.3026599884033203,
      2.3026599884033203,
      2.3026599884033203,
      2.3026599884033203,
      2.3026599884033203,
      2.3026599884033203,
      2.3026599884033203,
      2.3026599884033203,
      2.3026599884033203,
      2.3026599884033203,
      2.3026599884033203,
      2.3026599884033203,
      2.3026599884033203,
      2.3026599884033203,
      2.3026599884033203,
      2.3026599884033203,
      2.3026599884033203,
      2.3026599884033203,
      2.3026599884033203,
      2.3026599884033203,
      2.3026599884033203,
      2.3026599884033203,
      2.3026599884033203,
      2.3026599884033203,
      2.3026599884033203,
      2.3026599884033203,
      2.3026599884033203,
      2.3026599884033203,
      2.3026599884033203,
      2.3026599884033203,
      2.3026599884033203,
      2.3026599884033203,
      2.3026599884033203,
      2.3026599884033203,
      2.3026599884033203,
      2.3026599884033203,
      2.3026599884033203,
      2.3026599884033203,
      2.3026599884033203,
      2.3026599884033203,
      2.3026599884033203,
      2.3026599884033203,
      2.3026599884033203,
      2.3026599884033203,
      2.3026599884033203,
      2.3026599884033203,
      2.3026599884033203,
      2.3026599884033203,
      2.3026599884033203,
      2.3026599884033203,
      2.3026599884033203,
      2.3026599884033203,
      2.3026599884033203,
      2.3026599884033203,
      2.3026599884033203,
      2.3026599884033203,
      2.3026599884033203,
      2.3026599884033203,
      2.3026599884033203,
      2.3026599884033203,
      2.3026599884033203,
      2.3026599884033203,
      2.3026599884033203,
      2.3026599884033203,
      2.3026599884033203,
      2.3026599884033203,
      2.3026599884033203,
      2.3026599884033203,
      2.3026599884033203
    ],