{
  "config": {
    "run_name": "exp2_L{6}_K{32}-{64}-{128}",
    "out_dir": "./results",
    "seed": 1020183617,
    "device": null,
    "bs_train": 128,
    "bs_test": 32,
    "batches": 500,
    "epochs": 100,
    "early_stopping": 3,
    "checkpoints": null,
    "lr": 0.001,
    "reg": 0.001,
    "filters_per_layer": [
      32,
      64,
      128
    ],
    "layers_per_block": 6,
    "pool_every": 4,
    "hidden_dims": [
      100
    ],
    "model_type": "cnn",
    "kw": {}
  },
  "results": {
    "num_epochs": 100,
    "train_loss": [
      2.303053379058838,
      2.3029465675354004,
      2.3028995990753174,
      2.3028740882873535,
      2.302863359451294,
      2.3028604984283447,
      2.302851915359497,
      2.302852153778076,
      2.302851915359497,
      2.302851915359497,
      2.302851915359497,
      2.302851915359497,
      2.302851915359497,
      2.302851915359497,
      2.302851915359497,
      2.302851915359497,
      2.302851915359497,
      2.302851915359497,
      2.302851915359497,
      2.302851915359497,
      2.302851915359497,
      2.302851915359497,
      2.302851915359497,
      2.302852153778076,
      2.302852153778076,
      2.302851915359497,
      2.302852153778076,
      2.302851915359497,
      2.302851915359497,
      2.302851915359497,
      2.302851915359497,
      2.302851915359497,
      2.302851915359497,
      2.302851915359497,
      2.302851915359497,
      2.302851915359497,
      2.302851915359497,
      2.302851915359497,
      2.302851915359497,
      2.302851915359497,
      2.302851915359497,
      2.302851915359497,
      2.302852153778076,
      2.302851915359497,
      2.302852153778076,
      2.302852153778076,
      2.302852153778076,
      2.302852153778076,
      2.302851915359497,
      2.302852153778076,
      2.302852153778076,
      2.302852153778076,
      2.302852153778076,
      2.302851915359497,
      2.302852153778076,
      2.302852153778076,
      2.302852153778076,
      2.302852153778076,
      2.302852153778076,
      2.302852153778076,
      2.302851915359497,
      2.302852153778076,
      2.302852153778076,
      2.302852153778076,
      2.302852153778076,
      2.302852153778076,
      2.302852153778076,
      2.302851915359497,
      2.302852153778076,
      2.302852153778076,
      2.302852153778076,
      2.302852153778076,
      2.302852153778076,
      2.302852153778076,
      2.302851915359497,
      2.302852153778076,
      2.302852153778076,
      2.302852153778076,
      2.302852153778076,
      2.302852153778076,
      2.302852153778076,
      2.302851915359497,
      2.302852153778076,
      2.302852153778076,
      2.302852153778076,
      2.302852153778076,
      2.302852153778076,
      2.302852153778076,
      2.302851915359497,
      2.302851915359497,
      2.302852153778076,
      2.302852153778076,
      2.302852153778076,
      2.302851915359497,
      2.302851915359497,
      2.302852153778076,
      2.302852153778076,
      2.302852153778076,
      2.302851915359497,
      2.302851915359497
    ],
    "train_acc": [
      9.792,
      9.672,
      9.65,
      9.574,
      9.558,
      9.62,
      9.628,
      9.628,
      9.628,
      9.628,
      9.628,
      9.628,
      9.628,
      9.628,
      9.628,
      9.628,
      9.628,
      9.628,
      9.628,
      9.628,
      9.628,
      9.628,
      9.628,
      9.628,
      9.628,
      9.628,
      9.628,
      9.628,
      9.628,
      9.628,
      9.628,
      9.628,
      9.628,
      9.628,
      9.628,
      9.628,
      9.628,
      9.628,
      9.628,
      9.628,
      9.628,
      9.628,
      9.628,
      9.628,
      9.628,
      9.628,
      9.628,
      9.628,
      9.628,
      9.628,
      9.628,
      9.628,
      9.628,
      9.628,
      9.628,
      9.628,
      9.628,
      9.628,
      9.628,
      9.628,
      9.628,
      9.628,
      9.628,
      9.628,
      9.628,
      9.628,
      9.628,
      9.628,
      9.628,
      9.628,
      9.628,
      9.628,
      9.628,
      9.628,
      9.628,
      9.628,
      9.628,
      9.628,
      9.628,
      9.628,
      9.628,
      9.628,
      9.628,
      9.628,
      9.628,
      9.628,
      9.628,
      9.628,
      9.628,
      9.628,
      9.628,
      9.628,
      9.628,
      9.628,
      9.628,
      9.628,
      9.628,
      9.628,
      9.628,
      9.628
    ],
    "test_loss": [
      2.3027799129486084,
      2.302687883377075,
      2.3026766777038574,
      2.302669048309326,
      2.3026673793792725,
      2.3026599884033203,
      2.302659511566162,
      2.3026599884033203,
      2.3026599884033203,
      2.3026599884033203,
      2.3026599884033203,
      2.3026599884033203,
      2.3026599884033203,
      2.3026599884033203,
      2.3026599884033203,
      2.3026599884033203,
      2.3026599884033203,
      2.3026599884033203,
      2.3026599884033203,
      2.3026599884033203,
      2.3026599884033203,
      2.3026599884033203,
      2.3026599884033203,
      2.3026599884033203,
      2.3026599884033203,
      2.3026599884033203,
      2.3026599884033203,
      2.3026599884033203,
      2.3026599884033203,
      2.3026599884033203,
      2.3026599884033203,
      2.3026599884033203,
      2.3026599884033203,
      2.3026599884033203,
      2.3026599884033203,
      2.3026599884033203,
      2.3026599884033203,
      2.3026599884033203,
      2.3026599884033203,
      2.3026599884033203,
      2.3026599884033203,
      2.3026599884033203,
      2.3026599884033203,
      2.3026599884033203,
      2.3026599884033203,
      2.3026599884033203,
      2.3026599884033203,
      2.3026599884033203,
      2.3026599884033203,
      2.3026599884033203,
      2.3026599884033203,
      2.3026599884033203,
      2.3026599884033203,
      2.3026599884033203,
      2.3026599884033203,
      2.3026599884033203,
      2.3026599884033203,
      2.3026599884033203,
      2.3026599884033203,
      2.3026599884033203,
      2.3026599884033203,
      2.3026599884033203,
      2.3026599884033203,
      2.3026599884033203,
      2.3026599884033203,
      2.3026599884033203,
      2.3026599884033203,
      2.3026599884033203,
      2.3026599884033203,
      2.3026599884033203,
      2.3026599884033203,
      2.3026599884033203,
      2.3026599884033203,
      2.3026599884033203,
      2.3026599884033203,
      2.3026599884033203,
      2.3026599884033203,
      2.3026599884033203,
      2.3026599884033203,
      2.3026599884033203,
      2.3026599884033203,
      2.3026599884033203,
      2.3026599884033203,
      2.3026599884033203,
      2.3026599884033203,
      2.3026599884033203,
      2.3026599884033203,
      2.3026599884033203,
      2.3026599884033203,
      2.3026599884033203,
      2.3026599884033203,
      2.3026599884033203,
      2.3026599884033203,
      2.3026599884033203,
      2.3026599884033203,
      2.3026599884033203,
      2.3026599884033203,
      2.3026599884033203,
      2.3026599884033203,
      2.3026599884033203
    ],